,NoDur,Durbl,Manuf,Enrgy,Chems,BusEq,Telcm,Utils,Shops,Hlth ,Money,Other
192607,1.16,4.03,2.38,-2.19,1.85,2.26,1.31,4.85,0.69,2.45,0.44,0.18
192608,5,0.28,2.18,4.41,1.98,2.36,1.08,-2,-0.03,6.11,8.84,4.01
192609,0.03,-3.34,0.09,-3.51,2.71,0.94,0.22,2.06,-0.71,0.8,-2.55,-0.28
192610,-2.55,-9.46,-4.67,2.67,-7.11,-6.07,-0.99,-2.98,-3.28,0.13,-4.4,-2.29
192611,6,-0.38,1.08,1.59,4.92,1.15,1.48,5.71,1.35,7.2,-0.27,0.99
192612,0.38,4.8,3.51,4.92,3.08,0.95,1.62,1.72,2.81,0.42,2.4,1.1
192701,-1.47,-2.27,0.81,3.68,0.45,0.65,0.13,-0.44,-2.29,6.13,-3.88,6.16
192702,3.42,6.06,6.53,4.24,5.51,8.6,6.98,4.88,5.1,2.47,4.25,8.21
192703,-3.24,-2.36,-0.89,-9.15,-2.66,-2.04,1.35,2.19,0.25,-0.2,-0.23,0.07
192704,1.07,-1.17,1.47,-3.93,2.09,2.08,0.58,1.69,3.33,5.8,2.72,1.3
192705,7.18,4.15,6.58,7.43,4.47,3,1.6,9.29,2.11,4.79,8.22,8.44
192706,-2.09,-3.97,-4.83,-0.27,3.23,1.34,-2.63,-3.3,-1.84,3.64,-1.34,-1.24
192707,6.49,6.21,8.19,2.2,5.88,7.47,4.36,4.18,5.96,8.59,3.08,4.78
192708,1.19,1.74,0.31,-1.96,2.89,-1.74,1.31,6.17,2.97,0.15,2.16,-2.24
192709,2.91,-0.77,1.71,3.97,0.01,4.36,5.2,9.42,3.75,6,5.19,3.81
192710,-1.71,-3.69,-5.06,-4.5,-2.6,-3.62,-2.33,-4.68,-3.7,5.15,1.57,-5.37
192711,7.42,11.38,15.31,9.83,9.97,15.21,3.66,5.96,8.7,5.05,8.04,7.62
192712,3.53,6.59,4.51,0.6,6.22,1.26,3.42,1.8,1.83,-1.42,7.93,1.13
192801,4.24,-1.94,5.48,-0.48,3.66,1.91,-1.85,8.76,3.89,1.45,4.18,2.98
192802,-2.37,-2.45,-2.98,-2.02,-0.99,-0.01,-0.38,-1.63,-1.46,-1.89,-3.32,-2.96
192803,5.43,14.9,6.52,6.21,6.14,14.07,3.2,4.95,6.16,8.96,7.67,5.92
192804,3.51,5.23,8.51,26.03,6.01,5.03,2.41,10.94,5.23,3.36,11.99,6.64
192805,2.95,8.92,4.4,-3.41,-0.14,12.15,6.53,1.7,4.62,7.21,6.18,4.48
192806,-7.43,-11.47,-8.1,-6.13,-5.34,-4.87,-6.27,-3.82,-5.02,-1.46,-7.64,-5.3
192807,0.16,0.19,-0.33,1.77,3.27,-0.1,-0.08,-1.09,3.24,-0.81,-0.06,-1.18
192808,4.78,10.53,7.55,0.98,7.36,5.74,2.33,5.72,7.68,9.38,6.14,4.09
192809,2.97,7.73,7.55,7.55,6.73,3.61,0.5,4.94,3.28,-0.06,3.49,2.74
192810,3.12,0.59,1.49,2.31,-0.44,1.85,7.54,-2.22,4.45,0.25,4.07,-0.64
192811,8.55,11.8,12.96,14.61,12.55,14.7,8.89,18.29,10.37,3.51,11.85,10.52
192812,-1.01,1.94,1.98,-7.11,1.87,3.93,-2.12,2.32,-0.15,-0.48,0.01,-1.28
192901,2.27,3.24,5.41,-6.29,9.24,7.74,7.86,15.63,-2.26,4.61,11.94,4.62
192902,-1.44,-0.95,3.19,0.98,-1.69,5.77,-1.51,-1.52,-0.6,-0.07,5.4,0.69
192903,-5.67,-7.01,-2.63,5.21,-4.69,5.91,10.14,-2.13,-6.05,-0.5,-0.84,-4.78
192904,2.43,-1.92,0.58,1.29,3.78,4.95,-2.6,4.06,0.82,2.42,1.2,1.63
192905,-8.03,-13.89,-13.78,-8.31,-8.67,-4.42,-7.24,2.77,-8.82,-6.92,-6,-6.34
192906,4.46,7.04,10.77,3,17.81,13.84,6.37,22.76,7.41,4.73,10.3,4.6
192907,0.99,-1.52,2.26,1.66,0.02,6.49,10.42,7.56,0.83,3.11,5.77,2.18
192908,-0.08,-2.27,3.11,3.22,5.07,6.48,5.06,10.33,4.17,-0.54,5.02,3.32
192909,-3.64,-9.47,-5.95,-3.76,0.41,-2.68,-2.88,2.5,-3.27,-5.78,-5.35,-4.29
192910,-16.81,-29.46,-21.57,-16.25,-24.82,-27.73,-11.92,-30.36,-22.88,-17.09,-21.56,-14.27
192911,-12.78,-14.81,-12.8,-9.35,-12.68,-20.79,-8.86,-12.47,-13.73,-4.68,-13.42,-10.59
192912,-5.03,-1.11,-4.04,-5.87,0.82,4.29,2.52,8.98,-6.86,4.01,-0.92,-0.63
193001,9.22,17.16,15.04,4.51,9.55,9.73,3.66,5.52,9.14,2.39,9.63,10.47
193002,3.86,4.99,4.05,-3.15,7.19,7.01,5.48,9.11,-1.55,5.5,6.66,4.01
193003,7.59,16.76,11.03,24.92,8.81,11.5,3.85,10.6,2.27,7.68,6.27,7.34
193004,-5.02,-11.2,-8.27,1.67,-8.94,-1.31,0.53,1.34,2.28,-3.32,-7.51,-5.16
193005,-2.71,-6.39,-4.32,-5.89,-1.18,-7.21,-2.33,-1.91,-2.87,-1.81,-3.6,-3.29
193006,-14.95,-27.64,-19.23,-17.68,-18.49,-25.28,-10.33,-17.75,-17.88,-14.01,-16.34,-16.41
193007,2.09,8.96,4.47,2.5,5.59,6.67,4.88,3.95,0.91,8.97,4.21,2.84
193008,-0.75,-5.44,-2.92,-4.67,-0.59,0.14,1.49,1.17,0.71,1.14,-0.54,-2.01
193009,-12.69,-19.95,-15.75,-17.44,-18.48,-21.96,-5.65,-11.88,-10.49,-5.74,-15.72,-15.06
193010,-3.58,-15.49,-10.74,-12.93,-9.46,-15.56,-3.02,-9.69,-11.81,-5.24,-13.04,-8.37
193011,-1.27,6.37,-1.81,-6.57,-5.81,-0.63,-2.39,-6.29,-1.61,-2.67,-7.55,-3.56
193012,-12.13,-10.5,-15.01,-19.39,-12.76,-12.87,-2.54,-4.63,-16.11,-9.73,-16.02,-13.68
193101,15.34,14.44,11.34,18.09,12.1,15.48,4.39,5.21,9.99,7.99,21.64,17.52
193102,13.34,22.95,17.04,14.37,17.32,24.01,6.01,15.43,17.06,16.19,19.18,9.33
193103,-0.55,-5.06,-7.02,-12.79,-12.53,-11.43,-1,-4.48,-1.26,0.65,-10.07,-8.62
193104,-14.1,-20.31,-18.07,-17.66,-14.46,-16.82,-7.46,-9.96,-10.21,-11.43,-15.18,-13.65
193105,-9.66,-17.07,-16.96,-17.41,-13.03,-11.79,-8.23,-11.67,-9.48,-15.91,-18.36,-15.28
193106,15.19,19.09,22.01,21.21,19.15,16.44,10.64,10.11,7.11,12.23,21.94,22.35
193107,-2.14,-6.73,-10.22,-6.82,-6.46,-9.97,-0.96,-2.66,-3.66,-3.3,-9.73,-8.85
193108,-2.27,-3.48,-3.65,8.71,-1.19,-2.59,-0.2,0.85,-0.14,-1.1,-2.99,-4.77
193109,-27.38,-34.66,-32.49,-32.07,-30.77,-38.03,-17.37,-32.02,-28.87,-31.75,-36.92,-25.59
193110,10.53,13.24,11.31,10.84,18.03,14.08,0.98,8,7.54,13.21,13.5,2.29
193111,-7.54,-0.95,-8.94,-7.95,-11.66,-10.15,-13.82,-4.52,-8.97,-9.05,-12.11,-14.21
193112,-13.2,-17.39,-19.34,-21.94,-12.04,-19.38,-13.49,-12.76,-20.34,-11.51,-19.63,-22.22
193201,6.46,8.62,7.08,8.92,2.95,7.15,-1.22,-2.15,5.84,0.98,6.02,17.8
193202,2.96,2.21,1.29,4.42,1.25,3.75,5.31,5.62,1.21,-1.71,8.77,-0.54
193203,-7.47,-16.49,-12.76,-4.08,-9.87,-15.81,-4.34,-10.43,-15.96,-8.89,-16.18,-15.13
193204,-15.92,-24.83,-19.98,-12.35,-19.14,-23.01,-20.4,-16.22,-10.09,-13.65,-20.96,-18.1
193205,-16.27,-22.91,-20.52,-9.81,-18.96,-19.68,-18.44,-29.55,-21.9,-26.3,-24.32,-24.74
193206,7.75,4.12,5.51,2.21,4.17,7.03,-10.8,-0.29,2.33,5.88,1.42,1.32
193207,36.22,37.56,48.72,47.72,36.12,47.43,30.19,36.79,24.2,30.86,56.97,55.91
193208,58.9,74.74,72.45,43.35,56.45,55.18,36.21,65.6,67.83,40.14,79.05,76.81
193209,-5,2.85,-6.82,-7.89,-2.93,-8.1,1.85,-7.78,-3.94,-2.82,-7.69,-7.74
193210,-13.69,-22.86,-18.6,-8.48,-16.38,-19.32,-11.86,-13.79,-14.84,-17.01,-15.44,-18.78
193211,-7.38,-7.44,-4.7,-4.45,-3.49,-8.94,-1.24,-6.58,-6.82,-3.77,-6.39,-11.24
193212,-2.47,-5.77,-4.9,-4.94,4.02,-2.94,-0.48,3.05,-5.65,-0.92,-2.44,-4.64
193301,3.69,2.61,4.3,-1.49,4.82,5.82,-0.55,-5.68,0.53,-1.45,5.12,8.37
193302,-7.93,-25.58,-16.55,-9.45,-19.78,-16.73,-12.29,-21.74,-17.35,-11.27,-19.56,-15.55
193303,13.96,4.63,15.83,8.54,13.45,10.11,-1.54,-12.56,17.79,5.31,1.31,3.62
193304,56.27,63.74,62.38,39.08,45.24,55.94,34.49,35.11,43.53,23.01,38.71,42.43
193305,46.68,81.29,64.61,60.58,44.54,51.81,19.21,45.53,64.61,34.64,51.26,69.5
193306,23.01,32.34,19.29,21.85,25.37,16.51,12.65,20.45,24.68,9,18.73,23.67
193307,-9.05,-13.2,-10.93,-14.29,-7.57,-6.63,0.95,-17.24,-12.9,-18.42,-12.08,0.3
193308,10.54,14.63,12.55,15.25,15.79,15.84,6.11,1.55,10.12,3.55,9.1,7.2
193309,-13.86,-16.98,-14.84,-9.18,-12.07,-15.09,-8.52,-23.04,-15.37,-7.25,-17.27,-18.08
193310,-8.57,-13.39,-11.35,-9.68,-7.45,-13.27,-7.82,-10.32,-10.63,-4.94,-13.63,-11.09
193311,3.57,11.25,9.06,6.84,10.27,9.91,3.71,-0.55,8.07,6.49,5.48,2.64
193312,-0.15,9.17,4.17,-7.41,1.24,10.62,-0.21,-2.41,1.4,-10.96,-0.33,1.69
193401,27.04,39.71,30.9,31.14,22.87,36.4,13.45,28.15,36.97,28.57,40.66,34.61
193402,-0.29,3.7,1.17,0.07,0.63,-5.33,-2.37,0.24,7.74,-3.92,-3.08,1.97
193403,1.34,-1.55,0.02,-3.06,1.88,3.63,-2.25,-1.62,5.3,-1.9,-1.64,0.93
193404,2.44,-7.83,-0.61,0.86,4.64,-2.6,-1.63,-3.14,0.67,1.24,-3.2,0.88
193405,-8.27,-14.63,-13.32,-9.32,-8.92,-9.16,-7.05,-10.79,-12.88,-9.77,-7.37,-9.76
193406,1.76,-5.89,1.09,1.14,3.15,4.2,2.14,2.71,-0.07,1.4,-0.96,-2.96
193407,-14.67,-21.41,-20.19,-16.71,-13.09,-17.74,-9.54,-22.47,-16.09,-12.43,-17.51,-23.24
193408,7.64,10.11,11.51,8.99,11.73,10.16,0.1,4.23,8.19,2.43,7.05,11.34
193409,-0.45,-3.5,-3.13,-1.7,-0.61,-1,0.09,0.54,5.05,-1.42,-2.38,-1.09
193410,-1.97,-1.32,-2.4,-4.16,-0.58,-0.4,-4.45,-7.54,5.63,1.82,-0.99,-5.61
193411,11,26.93,20.61,7.8,12.63,16.78,-0.6,0.68,10.92,4.84,14.12,4.4
193412,0.15,5.25,4.22,-0.66,4.4,-0.32,2.97,-9.03,1.67,0.1,3.76,-1.48
193501,-2.38,-7.51,-2.23,-0.43,-3.45,-5.08,-3.15,-3.34,-2.78,-1.53,-7.71,-3.52
193502,-2.08,-5.54,-5.52,-3.56,-0.27,-1.6,-3.7,-15.88,-7.17,-1.05,-4.7,-10.44
193503,-8.46,-9.67,-8.19,-7.44,-5.74,-7,-2.18,11.97,-6.9,-4.7,-5.15,-9.09
193504,7.93,13.77,10.88,14.3,7.92,12.49,10.62,10.38,3.14,3.3,7.66,10.98
193505,2.75,-2.56,2.33,-0.48,1.46,1.63,5.24,22.72,1.43,-1.33,7.61,1.66
193506,2.47,9.16,4.93,0.29,5.59,11.85,6.4,3.37,3.1,4.04,4.67,3.12
193507,5.06,20.63,16.58,2.68,2.78,15.51,8.57,15.39,10.66,10.04,13.06,9.07
193508,5.61,5.25,5.9,8.46,3.14,3.21,5.32,20.43,11.79,0.58,16.62,13.23
193509,4.34,12.82,4.74,-2.5,2.48,4.95,0.28,-7.79,-1.54,5.85,-1.63,-0.7
193510,5.13,13.62,8.97,10.96,8.7,17.65,12.75,19.66,10.76,10.08,7.72,1.62
193511,9.42,11.79,13.62,14.57,2.72,10.35,8.77,1.32,10.93,1.43,16.63,33
193512,2.55,6.11,8.68,14.81,6.14,9.87,2.44,7.81,-0.46,8.48,4.9,3.33
193601,13.55,10.67,12.74,24.36,6.46,10.42,5.36,19.55,7.66,13.98,18.12,24.29
193602,1.76,10.32,7.22,2.66,5.72,3.48,5.31,-8.18,1.22,1.26,0.96,5.79
193603,-0.77,6.43,0.42,1,1.99,-0.1,-3.12,5.77,3.99,3.47,-4.2,-0.91
193604,-10.45,-16.65,-13.5,-12.04,-11.52,-10.68,-7.86,-10.16,-11,-14.09,-13.67,-12.23
193605,2.69,4.21,6.54,-1.3,3.54,6.83,3.05,10.95,7.86,6.25,7.35,6.41
193606,0.87,0.91,-1.56,-0.08,-0.13,0.03,2.72,2.08,2.19,0.78,2.91,-1.54
193607,5.59,7.24,9.57,5.54,8.44,10.09,2.19,10.22,10.71,5.92,9.79,6.69
193608,0.94,2.62,3.58,0.6,2.05,0.36,1.33,-1.35,3.6,-1.07,-1.3,3.1
193609,2.29,4.6,3.16,6.73,1.58,5.57,2.5,0.33,6.15,1.06,-0.06,2.76
193610,5.96,4.41,7.24,8.51,6.82,5.01,4.78,3.42,8.79,3.54,7.38,6.12
193611,9.65,4.34,11.42,8.66,8.17,6.76,4.62,-2.56,15.75,5.46,9.3,7.89
193612,1.01,-4.46,7.14,13.11,1.02,-0.63,-3.07,1.47,-6.58,-2.45,2.63,3.63
193701,5.69,11.27,10.66,7.23,9.59,5.23,-0.29,7.88,3.95,8.96,6.74,6.79
193702,1.3,2.45,3.62,-1.05,-1.35,1.15,-2.82,-4.17,3.77,-3.49,-0.08,8.19
193703,-0.97,-3.42,1.71,4.85,2.93,-4.94,-1.86,-7.56,-2.75,-3.36,-4.66,2.85
193704,-8.78,-11.48,-10.96,-8.06,-7.07,-9.51,-6.81,-10.07,-10.66,-5.41,-9.36,-11.97
193705,-2.2,-3.91,-0.24,-2.57,0.42,0.82,-2.69,-6.62,-4.06,0.28,-2.25,-4.87
193706,-6.46,-9.83,-6.35,-6.28,-5.86,-5.42,-6.07,-6.85,-5.72,-6.9,-7.63,-13.34
193707,7,14.45,10.46,7.73,6.59,9.16,7.17,23.28,9.86,6.2,9.99,10.41
193708,-3.72,-6.23,-5.2,-6.46,-3.7,-2.21,-2.52,-10.98,-5.44,-4.45,-6.48,-6.85
193709,-16.88,-21.96,-22.32,-19.22,-15.8,-20.98,-10.68,-16.16,-18.56,-12.57,-16.9,-19.74
193710,-8.76,-13.19,-13.34,-6.68,-8.69,-12.59,-6.74,-2.64,-8.68,-4.84,-10.04,-9.17
193711,-10.61,-15.51,-10.77,-11.44,-12.55,-11.65,-6.64,0.02,-14.4,-9.71,-8.27,-9.78
193712,-7.63,-18.12,-8.27,-6.8,-10.1,-6.34,-6.96,-12.41,-13.14,-6.68,-8.73,-14.02
193801,6.44,10.77,2.71,2.68,3.79,2.98,2.63,-8.03,5.94,4.12,-0.69,5.26
193802,4.36,4.28,8.58,6.19,8.6,10.33,2.36,7.12,4.35,5.23,4.33,4.34
193803,-24.14,-32.72,-30.41,-28.2,-25.82,-30.2,-22.98,-27.17,-26.44,-16.34,-22.29,-33.15
193804,17.16,21.86,22.56,18.46,16.18,22.53,16.12,21.86,18.64,13.63,16.98,22.47
193805,-4.99,-12.48,-9.26,-9,-5.89,-6.75,-0.86,2.54,-5.51,-2.38,-7.41,-5.78
193806,23.78,40.26,38.71,28.52,31.51,34.41,19.91,23.75,30.15,15.38,28.91,27.07
193807,12.62,19.64,10.45,11.73,11.22,13.89,6.24,1.07,14.47,6.46,7.46,14.6
193808,-6.59,-2.02,-4.85,-10.02,-5.4,-3.97,-4.6,-8.89,-5.49,-2.78,-8.12,-9.7
193809,-2.38,-1.09,-0.9,-1.22,-0.69,-0.89,-3,1.28,-1.11,-1.88,-0.97,-3.36
193810,11.12,17.99,16.97,6.56,12.16,14.73,2.08,28.55,13.28,9.67,10.42,15.57
193811,-3.67,-5.83,-1.98,-2.74,-1.27,-4.94,-0.38,-10.3,-0.93,1.51,-4.86,-8.18
193812,-0.46,0.08,6.24,2.43,3.48,6.61,0.04,3.59,0.58,-0.2,2.81,5.31
193901,-4.84,-9.45,-10.8,-8.1,-7.1,-9.38,-1.89,-1.52,-3.39,-5.45,-8.49,-7.5
193902,4.02,5.49,3.98,0.68,2.78,3.51,2.93,9.35,6.13,4.9,2.21,4.32
193903,-12.24,-22.07,-22.01,-14.3,-14.76,-20.21,-5.59,-18.14,-13.81,-8.15,-12.01,-18.67
193904,1.69,0.39,-0.66,0.44,0.63,0.03,3.34,2.59,0.37,-0.24,-3.15,-1.35
193905,6.31,7.69,9.8,4.04,9.26,10.51,10.45,10.04,14.37,6.14,7.82,6
193906,-5.24,-11.31,-10.84,-5.99,-5.16,-11.96,-7.47,-7.65,-4.41,-3,-10.2,-10.2
193907,10.56,18.76,17.66,5.59,12.24,17.85,15.31,17.86,10.03,8.22,12.93,12.44
193908,-8.93,-12.48,-12.27,-6.25,-7.87,-12.65,-8.33,-8.41,-11.12,-10.36,-8.47,-11.84
193909,36.35,38.69,43.65,71.54,28.13,22.93,9.92,9.54,13.36,14.89,26.7,63.72
193910,-0.58,0.84,-0.87,-5.73,-2.06,-1.19,3.11,0.04,6.26,2.87,-1.92,-3.8
193911,-5.63,-7.31,-9.83,-13.67,-5.51,-5.48,0.06,-5.98,-4.5,-3.33,-3.62,-12.57
193912,3.03,1.92,3.7,-1.41,4.79,0.84,5.99,0.8,-1.11,0.38,0.86,-1.04
194001,1.2,-2.04,-5.04,-1.1,-1.39,-1.23,-1.49,-3.97,-1.05,-1.13,1.01,-1.11
194002,4.71,4.11,3.55,1.4,2.5,2.22,4.61,-2.07,3.73,1.53,0.56,1.77
194003,-0.32,5.32,1.66,1,3.52,5.06,2.95,5.79,6.28,4.87,3.91,3.43
194004,3.21,-1.68,2.66,3.84,-0.1,0.04,-1.64,-3.52,-0.17,1.69,-2.34,0.45
194005,-26.67,-28.02,-26.99,-27.09,-26.11,-24.07,-23.56,-25.41,-27.55,-22.32,-23.79,-28.65
194006,4.87,8.05,5.25,6.96,6.03,4.23,9.79,30.29,7.95,3.69,6.97,5.87
194007,1.83,3.58,5.51,2.97,1.47,5.23,0.75,-2.44,5.4,1.51,3.96,4.09
194008,1.51,4.63,2.9,0.49,2.79,6.04,2.2,-1.92,2.83,-0.98,0.88,1.22
194009,1.98,7.12,5.6,3.09,3.86,3.12,1.53,-2.08,3.97,4.44,6.4,1.97
194010,2.21,8.13,8.05,3.58,0.55,6.76,6.01,10.32,0.73,-0.18,6.32,3.65
194011,0.81,2.44,0.12,1.79,-0.05,-3.3,-0.36,-17.16,2.43,-0.49,-4.4,-0.88
194012,-2.04,-1.23,-0.2,-0.79,-0.35,0.6,-1.7,-2.28,-3.24,-0.68,0.35,-6.1
194101,1.07,-4.9,-5.78,-3.11,-2.08,-0.33,0.11,-2.48,0.36,3.43,1.24,10.63
194102,-1.36,-2.86,-2.38,-1.27,-2.05,0.46,0.22,0.24,-4.1,-3.32,-2.84,-1.24
194103,2.17,-0.73,0.01,3.47,0.33,3.14,0.32,-7.77,1.93,0.3,2.75,4.38
194104,-6.33,-8.37,-6.74,1.26,-4.63,-6.48,-5.62,-12.78,-4.97,-5.87,-9.92,-3.15
194105,0.38,0.89,2.16,6.75,2.13,-0.17,1.14,-4.85,0.51,3.3,-2.02,-0.87
194106,6.27,7.05,7.16,7.6,6.77,7.69,1.44,6.54,9.11,4.43,4.98,4.71
194107,13.24,14.2,10.68,15.58,10.48,6.91,13.57,9.34,13.17,12.65,12.69,18.99
194108,0.91,-2.69,-1.68,-2.31,0.87,-1.61,0.53,-2.33,2.6,0.45,-1.22,-0.99
194109,0.56,-2.88,-3.22,-1.83,-0.1,0.21,-3.17,-3.92,-1.35,2.58,-1.27,-4.61
194110,-5.25,-8.02,-6.77,0.09,-6.86,-7.71,-5.32,-13.56,-6.46,-2.48,-5.82,-6.3
194111,-2.28,-5.35,-3.04,-2.62,-0.57,-1.74,-8.3,-11.76,-4.46,0.04,-2.8,-4.08
194112,-7.26,-8.21,-4.88,-13.28,-5.67,-7.4,-5.24,-11.78,-12.83,-3.98,-9.77,-11.52
194201,10.34,14.47,6.67,9.91,8.73,9.42,-4.43,17.68,7.03,2.96,22.64,39.03
194202,-2.71,3.7,-0.09,-2.93,-3.05,-1.07,-6.45,-2.54,-1.35,-5.39,-2.18,-2.79
194203,-6.29,-0.26,-3.44,-5.61,-5.52,0.8,-4.62,-11.82,-4.53,-4.48,-6.59,-9.65
194204,-4.75,-3.62,-5.72,-4.17,-5.17,-5.3,-0.94,-5.72,-5.95,-3.16,-1.13,-2.58
194205,4.44,0.41,0.8,2.3,2.4,6.18,9.6,6.83,6.22,7.62,4.78,1.06
194206,3.72,1.28,1.61,4.57,4.95,3.35,1.4,0.05,1.78,4.64,3.96,1.63
194207,4.38,4.84,3.67,5.02,2.2,5.44,3.27,0.12,5.43,2.45,4.89,7.79
194208,1.92,4.06,2.35,4.85,0.44,1.92,2.64,2.1,1.02,3.02,1.61,6.5
194209,3.16,4.57,3.08,7.12,4.4,4.57,8.88,10.68,1.77,2.02,4.71,10.23
194210,7.58,12.06,9.86,8.96,9.28,11.45,15.01,23.2,5.66,4.8,12.11,11.9
194211,0.87,-4.19,-3.75,-0.88,1.41,0.56,5.54,-4.77,3.51,1.69,-2.77,-4.32
194212,3.47,3.42,3.79,5.12,3.65,9.09,4.68,5.03,0.37,9.48,4.96,0.99
194301,14.79,17.52,13.22,13.74,14.16,9.22,9.53,36.7,15.7,6.07,34.63,24.24
194302,8.43,15.05,10.42,9.27,9.59,7.47,8.44,23.47,8.14,6.05,17.16,29.82
194303,9.93,15.26,10.63,15.09,6.51,11.03,6.54,2.39,13.63,11.93,9.38,12.63
194304,4.57,3.46,-0.48,4.13,0.7,2.63,8.01,11.68,7.18,5.01,3,6.74
194305,7.39,9.52,6.58,6.6,8.12,9.58,6.12,17.96,8.93,3.56,11.65,10.23
194306,2.92,2.03,0.36,-1.48,3.5,3.4,1.79,0.97,6.24,2.42,0.79,-3.42
194307,-4.98,-10.58,-7.97,-4.37,-7.76,-8.86,-3.15,-5.91,-0.65,-2.75,-5.02,-8.15
194308,0.31,2.09,-0.06,0.77,0.41,0.92,-1.12,-1.13,2.03,-1,-1.57,-0.19
194309,3.91,2.08,2.66,4.04,2.5,4.64,5.81,5.66,5.96,3.85,1.87,3.5
194310,2.1,-1.51,0.27,-1.99,-1.31,-1.66,6.18,0.06,-1.81,-0.06,0.94,-2.24
194311,-6.01,-11.61,-9.14,-8.78,-8.55,-9.3,-6.01,-11.73,-6.73,-5.67,-7.82,-12.47
194312,9.82,14.26,9.82,9.26,8.17,12.08,6.92,9.55,7.95,5.95,8.68,9.91
194401,4.76,4.99,4.51,2.33,4.95,5.35,4.71,2.58,2.98,2.51,2.96,7.08
194402,1.13,1.14,1.22,1.43,-0.87,-1.2,1.92,2.2,3.44,-2.29,-1.64,4.13
194403,4.12,5.55,2.96,7.05,1.74,4.35,2.72,2.37,5.65,5.86,2.88,5.06
194404,-2.28,-3.18,-3.2,-1.62,-3.05,-2.22,-3.47,-4.12,-2.41,-1.86,-2.38,-4.36
194405,6.33,11.53,7.2,4.55,5.17,6.9,7.19,1.73,8.49,5.44,4.92,4.9
194406,7.05,23.12,10.88,3.66,9.96,10.32,6.94,8.75,8.05,5.61,12.17,12.63
194407,-0.58,-2.25,-1.77,0.9,-1.91,-2.24,0.13,-0.83,0.16,-2.61,-3.18,-1.37
194408,3.99,7.94,3.17,-1.34,3.16,1.78,1.93,6.81,2.63,0.07,3.68,1.16
194409,-0.18,0.3,1.13,-2.26,-0.43,0.23,0.47,-3.39,0.92,1.54,-1.63,-0.62
194410,0.32,-2.79,-0.11,0.45,-1.15,-0.02,0.58,-0.93,3.54,-0.6,1.59,-0.53
194411,2.76,1.92,2.71,2.72,0.06,1.14,0.32,-2,2.74,1.48,-0.4,4.25
194412,3.42,7.03,6.94,10.61,3.4,6.37,2.87,2.88,4.2,5.32,10.26,13.86
194501,4.37,6.61,4.43,4.9,5.44,3.07,3.26,8.84,3.78,1.75,4.74,2.76
194502,4.98,10.08,9.21,10.21,6.56,6.3,4.33,9.94,8.99,6.28,10.24,10.55
194503,-4.32,-7.7,-6.53,-7.21,-5.26,-6.36,-5.26,-4.93,-3.55,-3.34,-5.68,-5.36
194504,7.44,12.89,8.9,6.48,8.33,9.32,5.67,12.06,8.26,9.73,6.1,10.27
194505,4.4,3.86,1.95,-0.31,1.47,0.6,3.62,2.39,4.93,3.96,0.56,4.84
194506,4.44,1.9,3.07,1.48,2.32,-0.69,3.79,8.95,-0.61,-3.29,5.64,9.38
194507,-2.72,-1.66,-4.24,-3.14,-3.75,-3.79,-2.78,1.93,-1.93,-2.09,-2.79,-6.43
194508,7.23,9.43,8.48,2.79,8.31,8.96,2.67,1.24,7.78,9.96,5.48,1.78
194509,5.36,4.42,6.99,4.31,6.79,4.31,3.38,8.43,7.66,6.96,6.77,6.69
194510,9.92,1.16,4.68,9.51,3.98,2.54,4.49,9.91,8.55,7.62,7.98,7.68
194511,9.05,7.92,7.82,12.33,7.85,6.63,9.54,8.02,13.95,9.49,9.36,12.8
194512,1.32,4.71,2.5,0.65,3.69,2.41,1.41,-1.01,5.87,2.81,4.69,0.64
194601,8.92,9.79,10.55,3.15,6.67,7.13,2.19,14.77,7.84,9.56,11.43,11.64
194602,-6.68,-9.14,-6.82,-4.99,-5.42,-7.8,-7.26,-5.7,-3.82,-4.32,-7.62,-7.31
194603,5.64,2.53,5.71,9.94,6.41,2.8,0.42,6.13,12,15.6,3.86,2.53
194604,6.47,1.93,4.49,7.61,6.27,1.97,0.25,4.73,10.91,13.6,3.46,3.4
194605,4.18,8.72,6.57,5.65,5.86,6.8,1.13,3.44,5.38,5.93,3.37,4.1
194606,-4.52,-6.92,-4.77,-3.38,-4.67,-6.13,-4.21,-2.71,-6.89,-6.93,-3.09,-4.62
194607,-1.68,-6.11,-4.93,-0.72,-4.05,-5.38,-4.31,-4.58,-3.8,-3.9,-4.57,-5.66
194608,-7.06,-10.19,-7.44,-7.33,-5.21,-9.27,-5.66,-4.51,-7.2,-4.91,-6.68,-8.99
194609,-11.96,-18.41,-13.75,-11.44,-12.11,-12.94,-15.07,-10.03,-11.82,-7.74,-13.66,-16.67
194610,1.59,-2.69,-2.04,-0.9,-2.1,-2.14,-4.51,1.15,-4.45,-2.37,-0.82,-0.36
194611,-2.12,-0.6,0.9,1.44,0.6,-1.93,-2.88,0.72,-1.96,1.18,-0.2,-0.63
194612,4.06,5.99,6.48,6.18,6.88,7.63,2.37,6.11,3.03,7.23,5.4,-0.39
194701,1.57,9.99,3.2,1.27,1.42,5.7,3.8,0.76,0.69,-2.73,3.43,4.17
194702,0.15,-1.39,-0.35,0.18,-1.99,-2.24,-6.09,-1.62,0.24,-4.21,-1.38,-0.05
194703,-3.36,-3.86,-2.77,1.48,-2.46,-3.13,-4.46,-3.14,-3.2,-1.26,-2.68,-4.86
194704,-8.69,-9.63,-8.4,-2.43,-6.64,-8.33,-6.61,-5.24,-10.11,-8.46,-6.94,-9.63
194705,-3.18,-6.15,-4.69,-1.93,-2.76,-2.9,-2.86,-2.56,-2.65,-5.38,-2.46,-4.65
194706,6.11,4.88,4.76,9.88,6.91,6.21,7.68,3.39,8.98,3.07,5.68,4.49
194707,5.39,8.45,6.53,7.1,6.18,7.42,2.23,3.85,5.58,3.97,4.68,7.26
194708,-0.79,-1.28,-0.97,-0.68,-1.7,-2.34,-2.07,-0.28,-3.46,-4.93,-2.11,-3.78
194709,1.23,1.67,1.85,1.5,0.28,2.14,-0.41,-1.62,-2.14,-3.97,-0.65,-0.53
194710,3.06,6.18,4.03,6.78,3.48,3.88,-1.68,1.06,3.6,3.6,3.51,0.29
194711,-2.76,-3.74,-2.46,-0.39,-3.59,-1.82,-8.28,-7.76,-3.45,-2.87,-2.12,-3.08
194712,0.12,2.14,2.18,12.37,1.77,1.16,-1.61,0.02,-1.11,0.87,2.18,5.32
194801,-2.63,-4.16,-2.37,-4.14,-3.89,-2.84,3.29,0.92,-0.89,-5.61,-0.2,3.02
194802,-6.59,-7.73,-6.07,-4.65,-7.5,-6.26,-4.21,-3.37,-5.52,-4.78,-6.13,-5.56
194803,6.17,10.56,11.51,12.24,9.48,12.18,9.35,7.03,6.54,6.51,9.89,11.1
194804,2.48,1.8,2.58,13.77,3.23,2.53,3.4,2.51,5.57,1.52,4.18,5
194805,7.45,13.99,8.47,7.7,9.48,12.82,6.66,7.12,9.25,7.24,11.06,7.83
194806,-2.47,-1.77,-2.48,2.39,-0.96,-0.25,1.38,2.31,-2.04,-1.03,-0.87,-1.54
194807,-2.85,-6.67,-5.26,-7.76,-7.3,-6.48,-8.35,-3.13,-6.31,-4.64,-4.9,-5.59
194808,-0.03,-0.55,-0.11,-1.65,-0.16,0.14,-2.15,-0.36,0.27,-1.91,-0.23,0.1
194809,-4.21,-4.99,-3.63,-6.4,-5.4,-4.31,-5.59,-1.91,-3.5,-3.42,-2.07,-5.97
194810,3,7.25,5.86,7.73,5.57,5.52,4.42,4.94,3.7,5.13,6.34,5.96
194811,-8.64,-14.26,-11.23,-13.32,-10.43,-10.37,-10.36,-9.74,-8.36,-7.32,-8.11,-12.38
194812,-0.89,-1.21,1.33,5.79,1.07,6.61,-0.5,3.03,-0.11,2.68,3.96,0.98
194901,4.07,1.15,1.18,-3.88,1.87,-2.13,4.51,4.51,3.26,4.85,0.21,2.44
194902,-3.7,-6.35,-3.82,-5.41,-5.27,-7.55,-6.76,0.45,-3.29,-2.45,-1.89,-4.74
194903,5.32,7.32,5.98,6.54,5.58,4.9,6.64,5.44,5.56,6.21,7.52,6.22
194904,-2.43,-6.82,-4.95,-1.56,-3.95,-5.31,-7.73,0.75,-0.91,0.26,-0.75,-1.98
194905,-2.23,-6.52,-5.76,-5.93,-2.91,-6.17,-4.46,-0.57,-0.98,-2.68,-2.19,-6.3
194906,0.45,-0.93,-2.01,-0.41,0.26,-3.55,3.46,-0.89,2.55,1.04,-0.76,-1.87
194907,5.94,9.38,6.43,6.12,8.55,7.83,3.87,5.22,3.86,5.39,6.02,5.64
194908,2.59,2.13,2.19,6.26,2.21,1.71,1.35,4.37,2.31,0.81,3.44,1.61
194909,3.08,6.08,4.07,4.34,4.04,5.13,15.09,4.52,4.45,3.5,5.29,4.36
194910,3.4,6.96,4.56,3.72,3.35,4.66,6.21,0.89,1.55,3.45,4,4.89
194911,0.93,2.89,1.31,-1.21,0.58,0.91,-1.73,3.71,0.29,2.58,2.68,-0.92
194912,6.8,9.42,7.12,1.56,8.11,9.58,13.93,4.06,5.89,8.13,5.41,9.26
195001,4.6,4.76,3.53,1.76,0.72,10.15,1.51,3.97,3.01,2.16,1.72,5.75
195002,-0.68,2.96,2.71,-0.84,1.74,4.06,0.88,3,0.92,3.93,2.46,1.3
195003,-0.55,1.67,-1.28,3.43,-0.75,3.57,6.48,0.95,-1.58,-2.92,-0.16,-0.64
195004,1.82,10.33,6.15,4.09,6.41,8.86,19.07,0.21,2.75,5.63,0.62,4.73
195005,3.24,3.74,4.25,9.24,4.64,-0.11,-2.72,1.25,2.53,1.45,2.89,1.52
195006,-6.73,-9.71,-7.36,-7,-9.05,-9.78,-9.47,-7.69,-4.91,-6.37,-7.06,-8.46
195007,6.35,1.66,7.9,10.7,0.47,-0.51,-2.26,-4.75,1.89,-3.18,-1.9,11.26
195008,4.19,7.72,5.46,5.72,7.15,6.92,7.9,4.03,4.41,4.05,4.33,2.98
195009,4.52,6.17,5.69,2.41,6.13,7.37,4.54,4.23,6.69,5.85,6.46,5.9
195010,-0.17,-2.21,0.33,0.04,0.3,-3.68,-2.02,-1,-1.26,0.55,0.99,-0.55
195011,0.93,-0.56,5.25,5.48,6.79,1.57,-1.29,-0.89,0.81,3.28,3.71,5.96
195012,6.8,10.05,9.11,10.35,6.45,5.48,2.26,3.86,4.73,6.3,5.61,15.97
195101,6.77,9.26,8.65,6.28,7.54,9.91,4.31,6.17,7.68,4.05,3.91,7.64
195102,1.32,1.49,0.64,0.05,2.06,2.8,4.47,2.72,1.71,2.16,3.04,-0.13
195103,-3.96,-3.02,-3.9,-3.31,-3.28,-3.29,-1.93,-0.67,-3.82,-0.04,-0.97,-4.35
195104,2.1,4.01,6.63,8.62,5.53,4.84,2.81,0.95,-0.01,8.9,2.08,2.53
195105,-1.31,-3.8,-3.15,-3.65,-0.94,-2.6,-5.98,0.74,-1.93,-0.23,-1.92,-4.36
195106,-4.57,-7.66,-6.05,-1.25,-2.63,-3.95,-5.38,-0.88,-3.3,-1.45,-0.44,-6.62
195107,2.63,4.31,8.55,9.41,9.82,4.96,7.4,5.02,2.68,10.8,5.85,7.12
195108,3.16,6.51,6.18,5.44,3.15,6.48,6.56,2.89,4.21,-0.63,5.21,4.4
195109,0.41,2.4,2.84,2.27,2.06,2.76,0.57,1.12,2.29,0.02,1.8,4.68
195110,-2.19,-2.86,-2.26,-0.85,-4.26,-3.51,-6.55,0.96,-3.48,-3.58,-1.35,-3.7
195111,-0.7,1.56,0.23,-0.24,-0.17,2.46,4.73,2.02,1,-1.33,3.58,1.64
195112,0.54,1.72,1.74,1.71,4.45,2.64,0.58,2.89,-0.59,3.19,3.68,0.31
195201,0.4,0.3,1.77,6.77,0.58,0.7,2,3.21,0.48,2.52,2.91,1.9
195202,-1.54,-1.61,-2.93,-2.21,-3.83,-2.11,-1.36,-0.23,-1.84,-3.56,-0.56,-1.98
195203,1.69,3.5,2.75,6.11,2.09,3.93,0.09,1.69,1.58,0.21,3.45,4.73
195204,-3.55,-4.42,-5.69,-7.58,-7.91,-2.84,-3.59,-1.72,-2.54,-4.83,-2.77,-4.21
195205,1.93,2.51,2.25,3.19,2.49,1.22,0.44,3.23,2.65,1.06,3.03,2.52
195206,1.89,2.09,3.65,4.35,2.39,4.3,2.18,1.67,3.05,0.95,2.32,4.61
195207,0.1,1.1,2.17,-0.97,-0.3,1.88,3.11,1.87,1.25,-2.22,2.48,0.29
195208,0.86,1.25,-0.66,-2.29,-0.77,0.56,0.64,2.2,-0.24,-0.01,0.11,-0.12
195209,-2.32,-0.09,-2.08,-4.06,-3.34,1.83,2.28,0.66,-1.07,-2.25,0.48,-1.64
195210,-1.87,-0.59,-1.48,0.02,-1.78,-0.26,0,-0.22,-0.99,-1.48,-2.42,-0.83
195211,4.92,5.79,6.73,2.42,6.14,6.79,5.77,5.01,3.64,5.39,6.85,6.02
195212,2.2,1.78,1.9,4.82,1.94,2.91,0.76,1.86,0.73,-0.26,5.32,3.15
195301,2.83,4.48,3.28,-1.42,0.98,1.83,6.22,1.06,2.17,-2.37,-0.28,3.99
195302,2.69,1.65,1.35,0.36,-0.63,0.6,4.57,1.07,0.79,2.07,0.89,0.52
195303,-1,-2.67,-2.22,2.58,0.09,-2.76,-1.32,0.56,0.03,-0.02,0.19,-1.9
195304,-0.84,-3.31,-2.46,-3.62,-3.14,-2.51,4.63,-3.14,-1.59,-2.47,-3.71,-2.43
195305,0.73,-0.6,0.77,1.44,-0.69,-0.23,0.51,-0.33,0.88,0.65,-0.03,1.85
195306,-3.04,-5.27,-3.58,-1.48,-3.06,-3.31,1.78,-2.85,-3.04,-3.13,-3,-3.05
195307,1.78,0.39,1.32,1.79,2.66,1.7,3.23,3.22,1.89,2.58,0.62,1.87
195308,-4.23,-6.42,-6.03,-7.58,-5.12,-6.54,-2.46,-0.21,-2.71,-1.86,-2.34,-8.28
195309,-1.56,-2.64,-0.75,-3.25,-0.38,2.35,2.11,1.27,-1.32,-0.38,-1.17,-2.78
195310,1.37,6.61,5.37,4.23,3.34,3.66,2.72,4.68,0.77,2.7,4.28,2.99
195311,0.55,1.94,2.81,2.12,2.65,0.85,3.52,2.91,0.63,6.31,3.36,2.59
195312,-1.82,-3.1,-1.35,-1.58,-1.12,-0.65,-2.33,0.84,-2.05,0.05,0.55,-2.99
195401,6.57,6.79,8.07,10.12,7.39,7.26,3.75,3.51,6.72,5.92,5.35,8
195402,0.7,0.26,1.82,1.97,0.11,1.89,3.37,2.13,0.16,1.34,5.07,0.87
195403,1.11,1.33,4.79,2.84,2.19,4.19,1.65,2.78,1.31,0.15,4.03,2.56
195404,-0.97,-0.8,2.68,3.33,4.27,3.65,2.03,1.16,0.03,2.18,3.07,2.03
195405,4.74,4.57,4.8,3.99,4.3,2.48,3.61,2.63,2.48,2.33,2.28,6.24
195406,1.3,0.85,1.61,-2.79,1.68,3.9,0.83,1.35,1.63,-0.31,2.16,1.14
195407,7.69,5.72,7.83,2.81,6.83,7.97,9.03,5.85,8.77,7.08,6.97,7.85
195408,-1.35,-1.34,-1.67,0.57,0.06,-3.25,0.67,-1.35,0.33,-1.74,0.46,0.16
195409,3.1,5.02,4.84,6.89,4.89,6.09,4.61,1.9,4.27,5.43,3.08,4.59
195410,-0.62,-1.12,0.26,-1.46,-2.8,-0.12,1.61,-3.51,-2.33,0.28,-0.72,1.28
195411,6.42,6.41,11.08,9.44,11.26,12.15,9.19,5.01,6.64,12.04,11.59,10.29
195412,6.98,8.98,10.16,9.49,6.29,7.86,13.85,3.88,7.04,8,8.65,13.81
195501,1.75,2.12,1.73,-0.08,-1.35,1.68,3.36,1.51,1.4,-2.24,0.45,2.31
195502,2.42,5.35,5.53,3.57,4.24,6.71,2.54,3.84,2.48,3.8,3.28,4.69
195503,-0.29,-0.07,0.39,0.84,-1.12,0.16,2.75,-0.89,-1.57,4.59,0.28,1.07
195504,2.2,3.98,1.48,0.57,3.21,2.37,5.49,2.58,2.45,4.12,-0.23,4.1
195505,-0.52,0.35,0.56,0.6,0.79,0.91,1.3,-0.06,1.63,1.05,1.67,2.19
195506,1.91,2.12,5.18,7.09,5.65,3.4,-2.27,1.66,3.83,1.47,4.31,1.65
195507,1.92,3.07,0.16,-0.58,0.22,-2.92,4.31,3.31,1.98,1.02,-0.07,-1.18
195508,-1.19,-0.24,2.09,1.5,0.85,-0.18,-3.97,0.06,-0.03,-0.25,-0.49,0.73
195509,-0.94,1.91,-0.17,-1.42,-0.85,-3.03,-2.61,-2.19,0.25,-1.15,-2.54,-1.33
195510,-0.52,-3.21,-1.74,-1.6,-1.4,-2.94,-4.52,-1.2,-1.54,0.94,-1.53,-2.69
195511,2.06,5.24,7.46,9.41,6.61,6.86,3.76,3.07,2.25,6.97,3.99,7.12
195512,1.56,0.7,3.31,4.4,1.64,3.79,1.25,0.26,2.21,7.3,2.15,1.03
195601,0.13,-3.76,-3.58,1.95,-2.5,-3.1,0.88,-0.3,-1.71,-4.49,-2.6,-2.9
195602,1.28,4.62,4.79,5.47,2.87,4.6,-0.61,1.88,0.91,4.05,3.31,3.78
195603,2.13,3.54,7.22,8.76,6.81,7.59,5.67,3.36,2.26,7.09,5.87,4.15
195604,-0.1,-1.55,1.58,1.23,-0.42,-0.06,-1.03,-1.45,-0.42,1.28,-0.52,1.7
195605,-3.43,-5.66,-5.01,-2.95,-4.18,-6.02,-3.82,-0.55,-2.53,-3.51,-5.1,-4.54
195606,0.43,2.51,3.37,3.55,1.18,2.69,2.59,2.25,1.46,2.26,1,1.36
195607,1.41,3.08,6.33,5.37,3.47,3.83,3.68,4.83,1.71,4.34,3.09,2.66
195608,-0.51,-0.13,-1.82,-3.78,-1.32,-2.03,-1.43,-1.69,-1.49,-3.27,-1.63,-3.38
195609,-2.66,-2.96,-3.79,-5.06,-5.78,-3.77,-5.05,-3.58,-2.96,-3.02,-3.47,-3.16
195610,1.38,0.53,1.2,0.97,-1.3,0.16,-4.07,1.04,1.17,0.66,-0.21,0.14
195611,0.69,-0.83,0.96,9.16,-1.27,-0.53,-1.1,0.2,-0.73,-0.92,1.75,-1.28
195612,0.52,-0.55,4.48,0.08,3.42,4.31,1.55,1.63,-0.58,6.22,1.37,2.72
195701,3.01,1.38,-1.91,-3.05,-1.45,0.03,3.23,2.78,1.85,-1.17,1.62,0.64
195702,-1.6,-2.59,-2.82,-3.44,-3.36,-2.53,-1.67,0.09,-1.12,0.14,-0.66,-4.05
195703,0.97,2.91,1.63,1.81,4.25,4.47,1.9,2.21,2.32,6.87,2.37,2.54
195704,2.07,2.86,2.1,5.44,1.3,5.14,4.12,2.26,1.74,4.6,4.14,2.52
195705,0.74,1.59,1.48,7.22,3.87,4.32,0.65,1.91,2.18,4.5,3.8,1.21
195706,-0.31,-0.44,-0.73,-4.09,1.37,1.75,-2.49,-4.76,0.66,4.11,-2.01,0
195707,0.18,0.64,0.28,-0.27,1.11,0.03,-1.16,0.55,1.3,2.11,0.69,1.31
195708,-3.22,-4.36,-6.29,-6.4,-5.66,-7.53,-4.22,-2.33,-2.36,-2.37,-2.49,-6.63
195709,-3.04,-5.33,-7.32,-7.14,-6.39,-6.25,-3.51,-2.15,-2.15,-1.54,-4.19,-7.3
195710,-5.13,-7.71,-6.95,-8.8,-6.82,-9.08,-7.38,-1.06,-5.53,-1.6,-6.83,-9.38
195711,2.27,-1.04,1.64,4.66,4.16,6.14,-0.11,4.27,1.49,7.41,3.63,-1.88
195712,-2.1,-7.83,-7.23,-9.77,-4.58,-7.78,-3.71,2.96,-3.1,-0.6,-1.58,-6.64
195801,11.54,11.93,12.07,6.96,8.76,10.29,15.43,6.73,8.45,2.36,9.7,14.18
195802,0.71,-3.42,-2.15,-5.17,-2.23,-2.44,-2.92,1.34,1.08,4.28,-0.05,-1.37
195803,3.97,2.51,3.63,8.1,2.07,4.98,3.97,2.07,3.6,10.34,3.31,1.71
195804,4.73,2.76,1.46,2.86,0.93,1.06,8.16,5.09,3.31,8.46,2.96,4.33
195805,3.51,4.47,4.36,4.49,5.15,6.09,3.63,1.9,3.36,2.43,2.59,3.91
195806,2.4,4.25,2.68,5.59,1.21,3.81,5.7,2.5,3.31,2.72,2.93,5.11
195807,3.28,7.03,8.25,4.65,8.05,4.29,2.27,1.08,3.14,4.17,3.17,6.3
195808,4.66,6.51,2.5,1.58,3.53,4.95,5.95,-0.91,4.83,3.29,3.81,1.84
195809,5.29,7.8,5.22,2.55,5.24,5.36,4.47,2.58,5.64,11.1,1.26,7.56
195810,2.42,4.93,3.13,0.43,2.68,7.06,0.45,4.17,2.33,1.31,3.19,4.07
195811,3.29,5.89,3.12,2.15,4.17,10.28,9.85,3.19,5.93,8.59,3.52,4.74
195812,3.92,4.18,4.08,2.13,4.82,5.73,3.12,5.24,2.58,4.95,3.58,2.57
195901,4.99,5.61,4.53,3.93,4.29,2.45,5.16,2.58,5.51,-0.09,0.57,5.16
195902,3.08,4.39,2.96,-4.42,4.44,8.62,10.07,0.98,4.24,4.86,2.04,1.28
195903,1.37,3.42,0.36,2.9,1.67,3.28,2.46,1.31,0.3,4.51,-0.32,0.21
195904,1.47,6.44,2.48,0.97,6.27,9.51,5.33,-0.6,1.21,11.06,2.09,0.97
195905,-0.07,3,2.03,-1.06,1.28,1.21,-3.29,-1.29,0.46,-2.46,0.02,1.21
195906,1.04,-0.29,1.53,-2.12,1.65,0.43,1.43,-2.29,0.72,6.27,0.39,-0.46
195907,4.41,2.61,2.62,5.17,4.06,1.76,4.26,4.07,3.98,3.79,2.47,0.36
195908,-0.56,-0.18,-2.11,-3.38,-3.91,-4.59,0.96,1.79,0.44,0.02,-0.89,-2.4
195909,-2.06,-4.6,-4.9,-8.05,-5.8,-6.15,-5.77,-4.32,-3.7,-6.1,-4.22,-4.03
195910,1.32,5.17,1.81,2.28,1.31,6.73,5.74,1.3,1.25,5.48,2.36,0.88
195911,-0.17,1.92,2.55,-0.3,2.38,6.15,0.13,0.64,2.28,4.8,1.43,-1.06
195912,2.02,4.19,1.95,2.02,3.51,3.42,5.68,1.4,2.72,-0.91,1.04,2.27
196001,-2.42,-4.65,-4.45,-4.73,-6.8,-8.31,-4.72,-1.63,-3.27,-4.71,-3.14,-2.43
196002,1.48,-0.4,0.34,-3.05,0.85,5.56,2.64,2.03,1.12,1.2,-0.61,0.17
196003,-2.88,-5.94,-3.55,-1.32,-2.09,-3,-1.29,1.94,-1.52,0.15,-0.64,-3.33
196004,-0.68,-3.75,-3.67,-3.93,-2.15,-2.88,-1.82,1.61,0.4,1.17,-1.04,-2.85
196005,2.12,-0.23,2.02,-2.67,3.92,11.84,5.79,1.74,1.58,11.25,0.65,-0.13
196006,4.52,0.21,0.65,2.64,1.51,1.62,-0.24,4.61,2.99,3.33,1.45,2.08
196007,-0.7,-2.37,-2.52,0.81,-3.31,-6.26,-1.83,0.46,-1.6,-4.15,-0.68,-2.02
196008,4.17,4.1,2.68,5.29,3.99,3.08,23.67,4.78,3.15,1.92,5.31,3.69
196009,-4.97,-5.34,-7.13,-1.52,-7.25,-11.08,-6.61,-4,-4.67,-8.55,-4.27,-6.23
196010,-0.51,-4.38,-3.75,3.31,-1.04,-6.47,-5.06,-0.97,-1.2,-4.32,-1.56,-2.31
196011,5.83,0.6,3.99,5.97,5.23,6.36,3.73,3.62,5.9,4.21,5.73,5.23
196012,3.61,1.65,4.03,5.56,5.31,3.39,5.74,5.54,2.29,6.04,4.99,1.85
196101,7.88,9.37,8.86,10.88,8.39,5.06,2.54,5.71,7.22,8.13,7.04,10.35
196102,6.4,5.96,6.91,3.06,4.78,8.08,7.31,4.24,7.18,6.55,6.71,5.18
196103,4.98,6.13,4.21,2.56,7.2,7.2,2.95,2.19,8.88,6.5,6.39,4.02
196104,-0.41,0.27,-0.12,2.42,0.41,1.81,4.33,2.35,2.53,-2.72,1.31,1.35
196105,4.9,6.75,5.29,3.52,5.02,3.6,0.17,2.45,1.23,1.57,4.21,5.25
196106,-2.95,-5.37,-5.17,-2.76,-3.75,-5.62,-7.45,-2.6,-2.33,-3.27,-2.65,-5.07
196107,0.75,2.54,1.77,-0.67,0.49,0.45,4.84,2.19,0.39,1.8,1.39,-0.05
196108,3.19,0.98,0.65,0.35,3.62,-0.88,1.93,4.04,3.5,4.24,5.38,2.62
196109,-1.57,-1.92,-4.33,-4.53,-3.62,-6.29,-4.09,1.51,-1.32,-2.54,-1.89,-3.69
196110,3.37,0.41,0.22,6.93,-0.32,-0.89,3.93,5.24,4.91,3.77,3.66,1.67
196111,6.35,5.97,3.21,6.09,3.94,6.98,-0.31,3.74,6.74,3.06,6.73,4
196112,-1.18,1.18,1.29,2.05,-1.94,-0.14,2.57,-3.28,-0.85,-2.61,-2.79,-1.14
196201,-2.39,3.19,0.01,0.38,-1.02,-2.1,-1.13,-2.59,-2.87,-3.49,-4.41,2.86
196202,1.19,2.47,1.22,5.02,2.8,-0.05,3.35,2.08,-0.04,2.1,3.47,1.01
196203,-0.75,1.03,-0.79,-2.26,-1.49,-1.14,-3.25,2.44,-0.79,0.33,-2.26,-1.46
196204,-7.23,-7.12,-7.47,-4.26,-7.32,-9.99,-6.74,-2.1,-6.83,-9.69,-6.81,-6.71
196205,-9.7,-9.23,-9.28,-8.15,-9.68,-13.18,-9.41,-10.31,-9.26,-12.47,-10.12,-9.3
196206,-7.84,-8.36,-8.86,-5.47,-10.45,-11.19,-8.8,-5.02,-9.01,-11.78,-9.92,-8.33
196207,5.97,8.03,5.59,5.2,6.39,9.74,6.76,6.82,5.56,5.77,7.48,7.09
196208,2.62,5.33,1.85,2.72,4.82,4.41,5.92,3.14,1.51,-3.78,3.34,4.87
196209,-6.22,-6.81,-6.42,-4.27,-5.17,-9.82,-8.27,-2.17,-6.55,-5.56,-5.65,-6.83
196210,-2.82,-2.87,-1.41,-2.29,-2.02,-4.67,-0.56,-1.55,-3.85,0.73,-3.96,-1.34
196211,11.5,13.34,14.66,12.94,15.58,17.24,13.92,7.41,11.24,19.63,16.31,17.74
196212,0.39,-0.18,-2.33,1.15,-2.01,-3.24,-0.78,3.37,-2.46,-0.25,-0.85,-0.59
196301,8.09,9.73,8.67,6.21,6.97,7.64,11.92,5.57,7.49,7,6.15,9.07
196302,-1.75,-1.22,-0.92,-1.82,-2.31,-4.41,-2.09,-0.62,-2.01,-2.11,-2.05,0.21
196303,1.55,3.05,2.3,5.38,3.18,-0.84,4.24,1.66,0.74,1.27,3.53,2.52
196304,3.11,4.46,3.72,5.06,3.14,3.61,5.63,2.39,4.4,7.47,2.9,5.08
196305,3.05,4.73,3.74,2.29,4.59,3.62,0.88,1.56,0.2,-0.16,1.35,6.91
196306,-1.29,-0.77,-2.1,-0.18,-1.15,-1.51,-2.87,-0.99,-2.36,-1.79,-1.79,-1.51
196307,-0.81,-0.08,-1.73,3.39,0.25,-2.31,-1.8,0.66,0.02,0.6,-0.87,-1.16
196308,3.6,4.18,3.73,7.32,5.61,3.53,7.57,3.86,3.5,7.28,4.3,4.35
196309,-0.77,-2.69,-0.99,0.46,-1.59,-0.28,-2.94,-1.93,-1.04,-1.33,-2.11,-1.12
196310,2.37,2.54,0.96,-0.86,0.63,4.59,4.89,-0.79,0.74,3.8,-0.34,1.63
196311,-2.01,-2.11,-0.86,0.87,-1.63,-3.08,0.14,-0.99,-3.21,-1.55,-2.27,-1.87
196312,-0.34,-2.19,-0.7,1.57,1.67,-4.32,-1.33,1.8,-2.06,-0.45,0.16,0.92
196401,3.25,4.35,3.89,4.59,4.76,1.76,2.46,1.34,2.69,3.66,0.2,4.34
196402,1.94,2.07,2.84,1.19,1.76,1.09,3.11,1.08,2.24,0.97,2.74,6.41
196403,1.23,1.17,5.03,0.59,3.45,2.05,3.78,-0.42,2.42,-1.4,2.93,3.71
196404,0.7,1.88,-0.94,4.37,-0.42,-2.13,0.35,0.85,1.11,-1.47,-2.03,0.63
196405,0.53,-0.95,0.81,2.6,1.88,-1.76,4.52,1.58,0.39,0,-0.97,1.96
196406,2.06,0.38,1.03,1.46,0.63,0.58,1.01,1.45,2.71,-0.27,-3.04,0.99
196407,2.72,3.35,3.02,4.16,4.05,1.56,1.17,4.33,3,4.83,2.49,2.32
196408,-0.2,-1.47,-0.23,0.63,-2.04,-1.53,-0.89,0.52,0.07,-2.43,-2.08,-1
196409,2.95,4.14,3.73,1.66,3.1,4.9,3.06,1.93,4.17,5.24,2.35,7
196410,1.63,2.39,1.68,1.95,2.79,0.83,3.15,0.84,2.57,2.29,1.12,3.26
196411,0.13,-0.56,-0.68,-0.37,0.51,-1.85,1.01,1.82,2.24,2.05,-1.78,-0.24
196412,-1.03,-1.91,-1.99,-1.29,-0.84,-0.55,0.16,0.47,-2.13,3.48,-2,-1.49
196501,7.89,7.24,7.43,6.99,7.94,10.73,3.81,3.89,8.65,7.71,4.48,6.87
196502,4.25,2.76,3.81,1.08,3.69,2.6,6.33,1.25,3.14,2.05,2.76,4.64
196503,0.69,3.77,1.9,1.51,0.42,1.82,0.9,-0.71,1.99,0.68,-0.59,1.88
196504,3.5,5.92,4.94,6,3.41,6.35,2.88,0.54,4.2,2.98,1.61,3.33
196505,0.05,1.99,-0.81,-2.29,-0.51,0.09,1.66,-1.32,0.24,-1.48,-3.07,-0.88
196506,-7.51,-8.68,-8.61,-7.63,-9.24,-10.81,-8.5,-4.05,-9.42,-6.35,-7.56,-8.29
196507,2.21,2.72,3.58,2.26,2.6,5.51,2.76,1.24,1.46,4.36,0.69,4.33
196508,3.67,4.12,4.32,1.58,3,9.26,6.13,1.79,3.52,6.66,3.35,4.89
196509,0.08,6.77,3.64,1.91,2.06,6.02,3.62,0.87,2.33,3.21,0.14,2.74
196510,4.09,10.31,6.93,6.98,4.96,9.67,2.11,1.04,4.19,4.25,2.87,7.43
196511,1.94,7.26,5.98,3.57,1.66,14.11,5.08,-0.73,2.77,4.46,1.19,7.16
196512,3.84,2.56,4.64,4.06,5.8,2.83,7.75,-0.17,3.81,4.91,4.57,7.38
196601,6.29,9.85,7.35,8.83,6.13,6.45,-0.04,-2.09,4.82,4.41,4.44,9.2
196602,2.02,6.8,3.44,3.39,2.39,7.63,0.03,-3.54,2.12,-0.27,0.95,4.66
196603,-2.37,0.3,-0.89,0.2,-1.88,-1.54,-3.34,-0.72,-1.33,-1.56,0.49,0.53
196604,1.61,5.84,5.69,4.3,4.06,12.29,3.05,0.22,4.13,4.7,0.14,6.45
196605,-7.79,-11.52,-9.66,-6.59,-7.36,-14.3,-5.98,-2.69,-7.48,-7.02,-7.44,-10.22
196606,-0.98,-1.18,-0.41,-0.72,-1.75,2.73,-0.45,-1.96,-0.64,1.95,-1.05,-0.81
196607,-1.65,-1.98,-1.63,-0.82,-1.69,-2.18,-1.87,-0.19,-1.97,-1.44,-2.15,-1.59
196608,-10.54,-10.37,-9.77,-10,-10.24,-8.64,-9.91,-7.72,-9.35,-9.49,-10.78,-12.43
196609,-1.8,-3.5,-2.23,0.59,-3.55,-3.95,-1.92,3.47,-1.43,-1.84,-0.55,-3.18
196610,-1.18,-4.23,-1.15,0.8,1.13,-9.31,5.34,8.67,-3.18,2.16,-0.45,-3.63
196611,1.12,1.18,3.31,5.74,3.65,13.56,8.07,-1.85,1.77,7.52,7.73,7.06
196612,-1.08,0.5,2.72,1.64,3.09,4.51,7.12,1.76,0.73,1.94,0.33,0.86
196701,16.74,22.03,19.16,11.25,15.82,23.86,13.85,4.79,15.31,10.14,19.78,20.23
196702,4.98,5.35,4.17,3.08,4.07,5.37,5.88,-1.16,6.43,2.86,6.19,3.79
196703,4.86,3.57,7.74,6.68,4.05,7.46,7.94,1.39,3.95,8.58,5.03,7.51
196704,4.09,5.29,4.42,2.66,3.86,6.77,3.83,1.86,6.12,5.28,2.75,2.24
196705,-0.56,-2.02,-0.68,0.93,-0.84,-2.01,-4.9,-3.44,0.27,-4.43,-2,1.94
196706,6.74,9.65,9.84,8.91,6.27,14.58,5.9,-1.13,9.26,6.25,6.28,8.67
196707,8.85,10.66,8.18,11.38,6.46,5.47,2.13,2.78,8.26,5.17,10.88,11.78
196708,2.14,2.04,0.08,0.34,-0.37,-2.55,-0.65,0.08,2.05,2.24,3.26,0.4
196709,7.34,8.27,4.86,8.99,6.36,10.03,3.07,0.07,9.7,6.41,4.49,5.2
196710,-1.07,-2.17,-3.4,0.52,-4.92,-0.73,-8.53,-4.46,0.49,-5.9,-1.1,-1.49
196711,-0.02,-1.86,-0.39,1.68,-0.06,-0.02,-0.48,1.92,0.53,1.5,-2.94,1.65
196712,6.92,9.43,9.25,7.84,8.06,10.6,2.22,2.78,8.22,1.75,11.28,8.17
196801,3.45,1.61,0.97,2.33,-1.17,-4.3,0.38,2.29,6.21,-5.26,13.45,2.61
196802,-4.48,-7.1,-6.5,-6.59,-6.02,-9.47,-4.62,-0.96,-3.93,-5.4,-6.2,-3.81
196803,0.11,-0.88,-2.08,1.84,-1.27,-0.88,-0.96,-3.35,0.64,-0.16,-0.77,-1.58
196804,16.14,16.69,14.72,12.44,11.78,17.61,12.01,2.96,15.66,11,14.82,14.32
196805,10.66,9.69,8.88,8.57,7.47,8.42,8.31,0.74,13.61,5.75,11.43,11.12
196806,2.54,-0.5,0.84,2.18,0.79,-2.67,3.48,8.56,1.31,1.01,5.67,0.83
196807,-2.2,-3.69,-3.8,0.43,-2.86,-6.72,-5.86,0.48,-3.15,-3.75,4.32,-3.33
196808,4.03,3.63,4.05,3.19,2.77,1.95,5.89,-0.76,5.17,2.11,6.85,3.15
196809,6.85,9.98,6.1,7.27,6.67,6.22,8.21,0.46,8.04,1.59,9.98,9.53
196810,1.19,1.21,0.29,-0.1,1.3,-3.06,1.47,1.4,3.97,-0.47,2.12,0.16
196811,5.78,7,6.91,8.08,6.36,8.24,6.72,8.52,7.01,8.47,9.86,7.25
196812,0.45,0.23,0.67,4.88,1.75,-0.41,-4.43,-3.02,0.66,-0.64,-2.72,2.2
196901,-0.62,-1.14,-0.62,0.83,-0.71,-2.42,-2.44,2.28,-1.2,-0.49,-0.12,1.38
196902,-8.88,-8.23,-8.95,-10.57,-7.25,-10.51,-8.53,-4.37,-8.43,-6.11,-9.43,-8.66
196903,0.29,3.67,2.59,6.69,1.28,0.84,0.59,-1.62,2.39,3.64,5.51,0.43
196904,-0.6,1.15,-1.11,0.29,-0.66,1.06,3.34,0.97,1.01,3.92,6,0.3
196905,0.2,-0.1,-0.48,8.7,0.3,-0.92,3.31,-0.2,1.43,2.46,-1.97,0.14
196906,-10.86,-11.43,-11.76,-11.21,-10.11,-12.93,-8.83,-5.82,-11.8,-8.09,-13.42,-12.69
196907,-9.69,-9.67,-9.73,-10.24,-7.47,-12.05,-10.85,-3.1,-11,-4.04,-8.51,-11.48
196908,3.84,4.89,4.45,6.62,4.93,6.46,3.89,-1.06,7.24,10.44,8.71,6.33
196909,-2.78,-3.2,-2.36,-8.8,-2.59,-2.2,-1.95,-3.72,-1.24,1.84,-3.28,-0.33
196910,8.79,10.61,8.74,3.33,8.62,17.5,13.61,7.48,10.2,11.13,7.48,8.03
196911,-5.6,-7.24,-5.81,-5.23,-4.85,-5.36,-1.48,-4.3,-5.07,-1.41,-7.25,-6.81
196912,-6.82,-10,-6.29,-7.64,-4.68,-8.01,-1.96,-1.41,-7.06,0.61,-7.75,-9.62
197001,-2.68,-4.52,-3.01,-3.53,-3.19,-6.13,-7.74,-2.95,-4.48,-4.11,-5.78,-4.74
197002,3.55,-0.61,3.96,5.23,2.51,3.37,7.22,6.83,2.47,4.13,9.03,5.78
197003,-1.5,-0.95,-1.87,-4.67,-0.71,-6.79,-3.94,3.22,-3.47,-4.91,-2.25,-2.79
197004,-13.52,-18.55,-15.42,-18.39,-14.82,-21.97,-14.99,-6.51,-16.94,-17.07,-16.22,-19.26
197005,-9.07,-9.36,-9.73,-3.16,-7.45,-10.48,-8.32,-5.46,-10.88,-10.36,-9.71,-9.27
197006,-6.71,-9.23,-8.15,-5.97,-6.98,-11.39,-4.27,-3.98,-6.61,-5.75,-7.2,-8.8
197007,5.76,8.38,4.65,16.29,4.98,-0.22,8.7,7.18,6.73,4.16,6.46,5.7
197008,5.03,8.67,6.04,8.64,5.45,8.08,4.5,3.98,4.85,4.87,7.34,7.36
197009,13.24,13.7,12.76,11.48,8.41,22.12,10.54,0.77,13.75,12.19,10.07,15.4
197010,-3.61,-7.41,-7.1,-0.93,-5.72,-13.61,-3.66,-0.58,-5.05,-4.42,-7.08,-6.42
197011,0.19,-0.16,-0.86,2.27,0.8,-3.63,2.23,8.79,0.01,-0.25,3.34,-1.55
197012,12.11,9,8.58,2.21,9.99,4.37,6.67,6.75,10.93,9.09,9.32,5.5
197101,13.85,13.99,14.11,8.72,10.74,18.91,10.31,4.81,15.02,8.44,12.61,18.25
197102,9.47,5.52,4.25,3.6,3.81,4.92,1.98,-1.98,5.81,6.85,2.93,4.73
197103,4.09,5.15,5.05,2.65,3.29,9.59,7.78,1.74,8.99,4.64,6.6,5.71
197104,0.79,5.09,3.18,3.08,5.9,2.97,3.06,-2.47,1.74,4.08,2.54,4.35
197105,-4.79,-5.48,-5.62,-5.74,-2.92,-5.9,-3.55,-3.48,-4.76,-0.49,-6.01,-5.7
197106,-3.14,-0.06,-2.7,-0.43,-2.08,-3.79,-0.64,2.44,-1.26,-0.5,-1.34,-1.83
197107,-5.56,-7.53,-5.51,-2.8,-5.84,-9.79,-4.11,-0.93,-5.52,-6.1,-4.09,-6.92
197108,3.32,8.18,5.29,0.63,5.55,5.66,1.93,-1.17,2.59,4.7,5.51,4.91
197109,0.91,0.91,-1.66,-1.61,-0.9,-3.26,0.84,-1.52,0.33,1.45,0.07,-0.1
197110,-5.72,-5.91,-6.58,-8.38,-6.22,-8.04,-5.45,1.8,-5.39,-4.85,-2.96,-8.38
197111,-3.92,-2.89,-3.98,-1.9,-2.73,-2.65,0.29,-1.06,-3.56,-2.89,-3.59,-4.26
197112,12.12,12.95,11.8,11.63,10.55,15.78,13.86,7.22,13.08,12.11,7.85,13.32
197201,9.35,14.42,11.45,7.99,8.67,19.07,6.94,1.01,8.97,6.67,6.91,14.56
197202,3.65,4.93,4.82,6.22,4.59,5.52,7.65,-2.23,6.09,7.85,1.76,3.03
197203,-1.03,0.47,0.34,-3.54,1.1,-0.25,0.36,-0.03,-0.01,0.44,2.48,-1.06
197204,-0.71,3.73,1.52,-1.41,0.53,0.7,-1.64,-2.31,-1.25,-0.61,0.86,-0.82
197205,-2.41,-1.55,-2.1,-0.89,-1.13,-1.68,1.55,-0.52,-3,0.27,-3.42,-1.85
197206,-3.15,-2.82,-2.95,-2.79,-1.58,-3.12,-4,-1.36,-6.58,-1.18,-3.69,-4.06
197207,-3.46,-3.64,-1.99,-2.19,-1.01,-3.23,0.05,0.36,-6.53,-1.96,-3.61,-4.45
197208,-0.97,-0.36,1.41,9.33,2.46,0.18,3.52,4.6,-0.87,3.8,2.44,-0.38
197209,-3.64,-4.21,-2.85,-2.96,-2.65,-4.23,-2.6,0.2,-3.88,-3.67,-1.91,-4.43
197210,-0.66,-1.79,-2.68,0.89,-0.84,-2.05,0.53,5.82,-2.94,-4.44,-0.79,-3.15
197211,5.89,4.01,5.28,7.6,4.99,2.72,5.35,6.68,7.27,-0.4,5.16,3.71
197212,-3.01,-1.54,-2.03,0.79,-0.02,-2.49,-4.37,-0.87,-2.92,-0.09,-3.53,-2.52
197301,-4.64,-7.94,-3.04,5.07,-3.18,-3.42,-7.27,-2.95,-5.99,-8.1,-6.33,-3.41
197302,-7.19,-9.09,-6.94,-9.99,-5.06,-9.32,-9.38,-1.85,-9.59,-7.34,-7.37,-6.96
197303,-3.47,-3.36,-1.71,-1.3,-1.53,-3.75,-2.37,-1.4,-5.79,-3.02,-2.66,-1.66
197304,-8.3,-8.62,-6.06,-4.57,-5.83,-8.46,-6.86,-0.66,-9.29,-10,-9.02,-8.18
197305,-8.6,-10.27,-7.77,-9.09,-7,-10.61,-5.62,-0.69,-9.99,-8.81,-7.83,-9.67
197306,-5.14,-4.37,-2.9,-1.57,-2.1,-2.74,-1.53,-1.79,-4.85,-4.27,-2.42,-3.28
197307,10.91,14.31,11.72,8.52,12.48,16.86,7.01,-1.24,12.09,14.64,6.57,11.76
197308,-5.27,-7.09,-3.61,-3.55,-3.17,-5.85,-6.24,-1.99,-4.86,-6.19,-4.62,-4.22
197309,6.19,7.31,8.04,16.64,8.94,11.95,3.68,6.25,6.13,8.52,5.24,6.37
197310,-1.46,-3.94,0.91,14.26,-1.69,2.02,-5.02,-2.3,-1.44,0.75,-1.93,-0.9
197311,-18.24,-23.62,-18.36,-6.43,-20.8,-22.2,-18.21,-9.64,-20.72,-15.78,-14.15,-17.52
197312,-5.88,-6.33,-4.36,6.37,-1.73,-4.81,-3.81,2.11,-5.94,-5.26,-4.07,-4.14
197401,15.13,15.99,14.9,4.24,14.76,14.71,14.19,5.85,14.21,9.53,10.54,13.99
197402,1.91,1.59,1.31,-2.1,0.77,-0.75,-1.91,1.07,0.7,-0.81,0.19,0.94
197403,0.83,2.67,2.16,-1.78,2.78,0.54,-1.38,-2.61,2.77,-0.62,-0.31,0.82
197404,-4.79,-5.55,-3.62,-7.03,-2.91,-5.2,-8.62,-9.23,-4.96,-5.51,-6.36,-5.63
197405,-6.12,-6.43,-6.2,-11.3,-2.71,-6.86,-6.25,-6.34,-6.22,-5.97,-9.01,-7.33
197406,-2.06,-3.96,-1.48,-0.6,0.16,-4.25,-3.16,-4.21,-3.5,-3.09,-5.52,-2.98
197407,-5.15,-7.17,-4.12,-4.33,-4.15,-8.42,-6.2,-0.12,-5.07,-7.36,-6.5,-5.32
197408,-7.91,-6.32,-7,-8.39,-6.18,-8.8,-6.82,-6.82,-8.36,-7.9,-9.83,-8.59
197409,-7.65,-9.16,-8.41,-5.25,-8.68,-11.78,-8.06,-2.29,-9.07,-11.78,-5.07,-8.14
197410,6.14,7.45,8.75,24.96,14.06,5.72,8.16,9.86,7.53,19.96,7.91,8.84
197411,-6.01,-7.26,-4.84,0.2,-5.07,-6.53,-0.05,-0.47,-5.81,-1.61,-4.35,-5.54
197412,-7.51,-9.5,-7.66,-3.73,-6.11,-10.83,-3.64,-2.6,-9.1,-8.27,-6.75,-8.34
197501,28.75,34.98,27.97,16.67,23.33,36.19,34.01,22.76,32.18,27.65,28.76,29.04
197502,4.69,3.39,4.86,5.34,9.29,7.73,9.37,0.96,5.62,11.84,2.66,7.93
197503,10.43,10.87,8.4,-0.3,6.01,13.02,7.54,-0.6,13.32,5.19,5.12,8.13
197504,3.77,3.33,4.97,6.69,7.15,6.78,6.88,0.06,3.02,3.8,-0.45,2.88
197505,6.8,7.61,6.4,13.53,5.26,11.55,9.67,7.04,6.7,8.65,5.53,7.91
197506,8.32,8.59,7.88,8.76,7.88,8.45,7.26,9.53,7.61,5.43,4.35,7.02
197507,0.77,1.48,-0.91,-2.81,-2.38,-2.1,-5.74,-3.15,0.66,-2.52,-0.9,-0.51
197508,-4.4,-6.02,-4.36,-3.17,-5.21,-6.14,-2.97,-1.66,-3.76,-7.68,-5.27,-4.86
197509,-1.66,-4.15,-3.63,-4.06,-3.65,-4.15,-4.41,-0.93,-3.11,-5.04,-4.6,-4.28
197510,4.26,4.52,0.7,-0.61,1.81,-0.03,3.59,5.05,3.51,1.88,0.72,0.53
197511,4.06,3.41,1.77,-1.58,1.98,1.82,3.53,3.21,4.15,2.66,0.17,1.08
197512,-0.71,-0.89,-0.97,-1.77,-0.33,-2.52,0.47,0.67,-0.57,-0.75,0.64,0.36
197601,19.93,26.04,20.71,14.96,20.18,25.79,20.72,9.74,18.8,17.01,14.71,17.81
197602,13.7,15.26,12.61,3.4,8.09,14.72,8.02,-0.85,14.07,7.48,10.24,11.13
197603,0.48,2.53,1.77,2.05,2.23,4.32,-2.69,0.1,2.54,1.9,2.42,2.84
197604,-0.85,-1.17,-0.84,2.38,0.44,-1.3,0.14,1.53,-1.65,-3.51,-0.74,0.1
197605,-4.16,-4.27,-0.6,7.19,-1.94,-3.5,-3.55,-1.14,-3.74,-1.81,-1.56,-1.94
197606,1.2,2.63,4.17,3.49,3.05,5.56,5.4,3.1,0.56,2.57,2.21,3.17
197607,-0.12,-0.12,0.32,0.62,1.37,-1.66,0.1,2.95,-1.35,0.8,1.19,0.47
197608,-2.77,-2.62,-1.78,-3.02,0,-3.38,3.82,2.88,-1.58,-1.52,0.04,-2
197609,-0.26,1.5,1.51,6.84,2.56,1.33,2.62,4.02,0.65,2.06,1.74,1.22
197610,-2.37,-2.93,-2.37,-0.29,-3.46,-4.2,-0.49,-0.2,-3.11,-1.1,-0.18,-2.24
197611,2.21,3.74,2.38,3.77,-0.73,2.69,4.73,2.98,2.75,1.06,2.49,2.82
197612,8.81,10.51,9.24,11.35,10.06,12.96,7.34,7.04,9.77,9.24,9.84,10.69
197701,2.97,0.88,4,11.82,1.66,5.2,4.79,2.46,1.83,3.71,2.95,3.99
197702,-0.03,-0.36,0.95,-1.67,0.81,0.24,1.6,-2.73,-0.44,-0.5,0.55,1.19
197703,0.33,-1.12,1.62,-0.45,-0.26,1.43,2.25,0.32,0.09,0.65,0.91,2.15
197704,1.49,0.46,2.74,3.42,0.55,1.08,-0.06,1.67,0.22,-1.12,2.22,2.49
197705,-0.49,-0.5,-0.54,1.82,-1.54,0.58,-1.23,1.39,0.67,0.04,0.82,0.99
197706,4.63,3.29,4.93,8.69,5.45,6.62,7.07,5.53,4.77,7.14,4.43,5.9
197707,1.19,0.56,-0.33,-0.8,-0.5,0.89,3.74,1.78,1.33,0.86,2.59,2.01
197708,-0.59,-0.96,-1.08,-3,0.79,1.09,0.05,-1.81,0.54,-0.43,0.93,-0.55
197709,1.1,1.28,-0.2,2.48,0.52,0.57,1.39,1.51,2.79,4.78,1.47,1.86
197710,-1.36,-3.14,-2.73,-5.1,-3.29,-2.45,-2.42,-2.26,-1.81,-0.35,-1.86,-2.34
197711,7.11,7.65,7.29,8.61,6.99,9.35,8.01,3.53,6,8.17,6.33,7.56
197712,1.31,0.79,1.92,3.74,0.02,3.19,6.14,0.11,2,3.92,1.73,2.74
197801,-0.18,-3.48,-1.7,-3.66,-2.76,-1.65,-1.67,-3.21,-1.24,-1.42,-0.43,-0.32
197802,2.17,2.46,2.76,1.25,1.98,2.4,2.31,0.42,4.45,1.86,3.12,2.2
197803,6.65,6.72,7.13,2.6,5.08,9.6,8.36,1.64,7.32,8.91,6.18,7.24
197804,7.01,8.48,9.05,5.74,9.34,12.51,9,0.31,8.12,10.94,7.52,7.9
197805,6.95,8.64,8.32,3.58,4.08,12.22,5.59,0.17,7.32,8.29,3.7,7.71
197806,0.94,0.13,0.45,-0.29,0.14,0.68,-0.49,1.02,0.05,0.73,2,1.79
197807,2.83,3.57,6.53,4.13,4.38,7.91,4.68,3.03,3.27,8.94,4.42,6.32
197808,7.66,13.07,9.28,3.58,6.19,17.94,8.3,1.63,10.65,9.74,7.19,10.27
197809,2.64,0.16,-0.67,2.52,-0.91,0.72,-0.71,0.13,-0.06,-0.25,1,0.44
197810,-18.21,-20.45,-18.82,-20.65,-17.97,-25.26,-13.63,-7.28,-19.2,-22.79,-12.71,-18.79
197811,5.82,3.65,4.57,8.87,4.84,8.37,6.96,2.26,2.72,7.87,1.8,3.23
197812,-0.2,-0.83,1.57,2.03,0.74,3.82,4.24,-0.67,0.37,3.32,1.88,1.67
197901,8.74,11.1,11.06,7.43,9.54,12.25,9.16,6.07,9.34,8.97,6.9,9.31
197902,-2.11,-2.95,-2.87,2.63,-0.27,-3.74,-1.1,-0.85,-3.09,-4.45,-1.02,-1.2
197903,5.84,6.14,9.11,18.13,8.68,11.57,8.92,2.55,7.39,7.3,6.85,7.96
197904,2.51,1.86,2.58,4.77,4.2,3.06,4.67,-0.84,2.22,1.1,2.83,3.41
197905,-0.26,-1.17,-1.21,0.17,-2,-1.36,-1.19,0.57,-2.44,-1.31,-0.4,-0.91
197906,1.9,3.55,4.98,19.95,5.49,5.15,6.65,5.53,2.84,4.46,6.62,5.56
197907,0.25,1.92,2.76,0.68,3.66,1.65,1.46,3.83,2.16,2.89,2.84,2.66
197908,7.28,5.21,8.1,12.02,9.47,9.9,6.54,2.5,7.76,7.62,6.3,7.08
197909,-1.54,-1.66,-1.24,6.71,0.29,-0.48,1.59,-1.52,0.1,1.32,-1.07,0.22
197910,-9.64,-10.1,-10.68,-7.11,-8.7,-9.32,-8.34,-6.66,-9.37,-9.27,-9.7,-10.38
197911,4.69,1.2,5.67,17.42,5.91,11.11,9.24,6.87,3.98,9.77,5.11,6.61
197912,4.23,2.79,7.58,16.05,8.07,9.78,8.39,-0.75,5.35,7.15,3.7,7.98
198001,7.82,11.28,12.38,19.63,9.04,14.78,3.79,1.21,5.59,8.25,5.99,12.29
198002,-1.22,-1.75,-2.69,8.57,-1.41,-0.07,-3.11,-4.05,-1.27,-3.28,-2.68,0.56
198003,-14.33,-17.45,-16.83,-24.85,-15.38,-19.82,-11.34,-6.72,-15.03,-13.64,-13.74,-17.39
198004,4.21,1.39,3.02,7.29,5.82,5.19,6.56,12.9,3.62,6.22,7.83,4.73
198005,6.85,8.56,6.21,5.95,7,6.45,8.77,4.96,8.57,10.93,8.23,7.48
198006,3.87,2.85,3.61,6.59,3.52,3.02,2.74,4.92,4.17,1.94,5.42,4.97
198007,7.7,8.25,10.32,6.55,9.68,17.64,5.89,0.67,8.75,13.17,6.44,10.15
198008,5.84,7.47,6.45,8.97,6.42,13.34,9.11,-1.33,6.08,8.7,4,6.72
198009,3.33,6.56,5.18,11.91,2.85,6.99,2.09,0.12,3.05,6.6,3.58,5.36
198010,1.79,0.94,3.41,11.32,2.01,7.1,3.05,1.15,2.24,6.41,1.32,7.29
198011,1.11,3.44,6.34,26.09,6.06,11.09,6.08,2.41,3.12,7.72,2.82,8.33
198012,-3.13,-3.99,-4.39,-7.31,-1.57,-3.29,-2.35,0.23,-2.55,-2.17,-0.24,-4.23
198101,3.88,2.04,0.13,-6.27,1.28,-3.69,5.07,0.37,2.87,2.9,1.84,0.77
198102,1.48,2.81,1.29,-2.76,1.24,-2.67,1.42,-0.27,1.34,-1.81,2.29,0.62
198103,7.11,7.23,9.31,0.22,5.78,8.6,8.25,2.75,8.55,11.85,6.57,7.71
198104,4.14,5.15,2.46,-7.45,4.36,5.63,3.24,-1.66,5.25,7.14,3.12,3.24
198105,3.07,3.09,2.61,1.93,1.32,7.76,6.61,2.05,2.27,3.72,0.44,2.68
198106,1.87,0.79,-0.67,-7.21,-1.32,-5.55,-1.84,3.3,1.75,-2.14,3.11,-1.83
198107,-1.44,-1.47,-2.87,4.69,-0.95,-5.62,-1.54,1.33,-3.07,-4.24,-2,-2.28
198108,-5.84,-8.75,-8.4,-8.39,-6.28,-12.38,-8.86,-0.39,-6.3,-11.01,-4.57,-7.79
198109,-5.79,-8.55,-9.33,-17.44,-7.66,-9.91,-5.5,-4.2,-6.07,-7.72,-5.26,-10.85
198110,5.87,6.88,5.99,8.89,4.35,10.53,8.81,4.73,5.85,9.42,5.72,7.93
198111,2.36,1.97,1.76,-1.47,2.71,1.51,7.08,7.15,-0.08,1.41,3.99,1.51
198112,-0.57,-2.1,-1.07,-6.24,-2.46,-1.65,-1.15,-2.5,-0.97,-1.68,-1.11,-2.98
198201,-0.05,0.27,-1.46,-7.44,-2,-0.82,-3.53,0.6,-0.87,-0.77,-1.51,-2.5
198202,-1.88,-2.79,-4.4,-15.74,-2.63,-5.74,-3.77,0.27,-2.42,-3.09,-2.48,-5.34
198203,0.73,0.52,-2.27,-4.96,-0.49,-1.68,0.15,1.71,1.61,-0.23,-1.15,-1.3
198204,5.82,5.86,3.57,1.44,3.69,8.32,8.05,4.06,6.6,9.71,3.44,6.88
198205,-1.22,-3.09,-3.29,-1.86,-3.28,-3.37,-3.84,-0.1,-1.23,-3.71,-1.81,-2.86
198206,-0.5,-0.44,-3.1,-10.49,-3.22,-5.2,-2.87,-1.5,-0.76,-2.9,-2.67,-3.58
198207,-0.02,0.77,-1.17,-10.79,-0.56,-1.19,-0.86,-2.03,1.36,0.47,-0.7,-1.93
198208,4.01,3.39,6.9,4.79,8.02,5.98,6.8,9.56,5.53,6.13,7.83,6.38
198209,6.83,1.59,1.92,-5.93,2.27,4.83,4.02,1.96,4.69,5.5,5.13,3.61
198210,11.33,15.5,11.62,8.32,12.38,18.87,12.75,6.19,13.42,15.5,12.46,14.24
198211,9.73,11.97,9.84,-5.81,8.72,14.16,14.2,1.87,10.98,14.87,9.08,11.83
198212,1.99,1.12,3.3,-1.46,1.77,4.47,-0.58,2.75,2.72,4.06,-0.12,3.15
198301,6.93,12.08,9.81,16.51,10.08,15.93,17.61,4.01,8.31,12.43,5.15,14.71
198302,7.51,8.46,6.41,-6.05,6.73,9.38,2.41,2.41,8.53,8.44,4.82,5.02
198303,7.06,4.95,4.15,2.74,3.09,2.32,3.94,0.73,8.9,6.07,7.04,5.98
198304,7.73,9.38,6.14,8.4,7.63,6.84,4.48,4.38,9.79,8.62,9.91,8.65
198305,6.17,9.15,8.98,16.73,5.6,12.19,8.38,3.97,8.84,8.13,4.92,11.13
198306,5.71,7.28,4.31,4.76,3.53,6.27,3.13,-0.14,7.33,5.7,1.43,6.13
198307,-0.61,-2.66,-1.47,1.47,-1.73,-6.01,-5.56,1.83,-1.49,-6.93,-0.64,-2.16
198308,-2.51,-6.8,-3.52,-1.84,-0.67,-5.43,-5.57,2.02,-4.53,-4.25,-0.94,-5.04
198309,1.97,0.48,1.17,-3.36,1.05,-1.48,-1.35,3.88,1.4,-2.67,3.2,-1.58
198310,-3.75,-5.13,-5.39,-6.7,-3.84,-11.46,-7.95,1.95,-4.93,-10.68,-2.12,-6.65
198311,4,5.94,4.97,-4.04,4.83,5.11,3.11,0.54,3.21,0.48,2.77,2.59
198312,-1.25,-1.36,-0.34,-3.93,-0.85,-4.03,-1.32,-2.4,-3.12,-5.86,0.4,-3.19
198401,1,-1.39,0.68,6.36,-0.91,-2.5,0.09,2.31,-2.65,-1.77,1.48,0.21
198402,-4.63,-6.11,-6.28,-2.14,-7.71,-9.57,-7.78,-1.92,-5.99,-5.67,-3.79,-5.44
198403,1.61,1.66,1.81,1.51,4.09,-0.44,-2.15,-0.02,0.58,0.23,1.12,-0.37
198404,-0.92,-1.92,-0.37,-2.12,-0.56,-2.87,-1.56,-1.02,-2.45,-1.04,-1.14,-4.04
198405,-3.03,-6.25,-5.43,-4.18,-5.14,-6.5,-4.16,0.98,-3.8,-7.71,-5.41,-5.37
198406,2.04,3.12,1.85,-3.79,2.49,2.42,3.11,0.96,3.44,2.57,1.77,0.54
198407,-3.61,-5.11,-3.92,-10.16,-2.14,-7.82,-3.35,-0.45,-2.94,-5.18,-2.08,-5.77
198408,6.84,9.44,10,5.91,11.27,11.83,7.04,6.93,9.66,12.79,6.5,8.37
198409,0.82,-0.54,-0.25,-0.88,-0.2,-3.63,-0.66,4.18,-0.13,-2.79,2.7,0.52
198410,-0.66,-2.73,-1.74,-9.9,-1.08,-4.47,-2.38,3.29,-2.91,-2.03,0.81,-1.98
198411,-1.26,-2.77,-3.23,-5.45,-1.64,-5.94,-2.78,2.87,-3.88,-5.03,0.04,-4.85
198412,1.58,2.49,0.49,-1.51,1.27,0.31,5.75,2.12,-0.56,-0.01,2.2,-0.21
198501,8.47,13.83,12.87,3.97,10.23,18.08,15,4.37,12.02,17.55,10.73,13.85
198502,4.1,2.39,3.63,6.85,2.78,5.19,7.72,1.27,5.11,7.66,2.8,6.73
198503,0.04,-3.41,-2.75,-0.24,-0.57,-4.63,4.67,5.49,-1.1,-2.09,0.59,0.38
198504,-1.38,-2.63,-2.04,-1.73,-2.57,-4.75,-1.46,2.31,-1.25,-0.02,1.48,-0.85
198505,4.11,-0.07,2.17,-2.74,3.87,0.68,4.35,5.28,3.3,3.3,3.47,2.69
198506,1.93,0.26,-0.59,-4.46,-0.55,-2.64,2.63,3.74,0.78,2.06,3.11,1.11
198507,1.29,1,3.71,-0.59,3.37,2.5,2.76,-2.75,0.96,0.91,1.88,3.18
198508,2.02,-1.35,-1.77,-1.07,0.66,-2.01,-0.03,1.88,-1.86,-1.55,1.26,0.58
198509,-3.52,-4.41,-4.99,-6.71,-5.39,-8.39,-7.95,-3.62,-5.13,-7.13,-3.97,-6.99
198510,3.51,2.21,1.32,-1.09,3.74,0.47,0.77,4.75,0.58,2.41,4.89,0.47
198511,5.77,5.32,5.02,3.07,7.28,5.15,5.22,4.38,6.14,5.54,6.06,5.94
198512,4.51,2.71,4.28,-8.78,4.39,3.57,0.13,4.07,3.67,3.79,3.9,3.61
198601,3.72,4.12,2.63,-0.41,3.78,3.82,2.24,3.96,3.86,4.94,5.36,7.91
198602,6.97,10.23,7.32,-7.35,7.44,5.65,4.98,6.13,7.14,3.81,8.6,7.85
198603,6.83,7.06,5.76,-1.49,6.52,2.78,6.92,4.1,5.76,10.02,4.05,5.49
198604,1.63,2.59,0.16,-1.32,2.55,2.6,2.38,-0.52,2.23,0.79,1.72,2.03
198605,5.03,1.75,2.8,4.99,3.94,2.77,4.06,3.4,6.02,4.57,3.79,3.25
198606,3.15,-0.34,-0.32,-0.13,1.25,-2.83,0.62,4.92,3.09,2.41,2.37,0.59
198607,-5.57,-9.39,-8.08,-9.9,-8.99,-10.26,-4.23,3.2,-9.26,-8.67,-4.96,-8.5
198608,2.2,-0.78,0.98,8.58,3.57,1.32,-1.39,6.69,-0.39,0.21,1.97,2.24
198609,-6.26,-6.13,-4.04,-3.81,-6.75,-7.88,-7.07,-7.12,-7.22,-9.25,-6.88,-4.93
198610,3.67,3.67,2,-0.76,2.92,3.03,5.21,5.04,3.5,3.57,1.22,2.56
198611,0.69,0.86,-0.66,-2.93,0.3,0.41,-1.69,0.3,-0.18,-1.47,-1.92,-1.72
198612,-3.37,-2.95,-2.9,-2.95,-2.99,-4.53,-3.59,-2.93,-4.98,-5.25,-3.22,-3.58
198701,9.55,10.99,12.57,20.09,14.39,14.19,13.01,7.97,8.12,12.15,10.3,11.92
198702,7.12,6.37,8.1,5.54,8.62,10.62,5.32,-0.09,7.45,14.77,5.22,6.84
198703,3.96,2.25,4.16,13.8,1.69,1.01,6.54,-0.15,1.82,3.09,0.96,5.52
198704,-3.25,-1.02,-1.88,3.34,-1.64,-0.51,-2.59,-4.42,-2.99,-2.51,-3.42,-1.47
198705,-0.74,1.87,1.59,7.66,0.13,0.53,1.78,-0.95,-1.3,-1.22,-1.95,0.9
198706,4.25,2.86,3.68,3.09,3.58,-0.01,6.14,2.59,3.34,2.01,2.01,2.55
198707,2.79,2.88,4.62,16.35,4.54,1.59,5.83,-0.45,3.91,-0.44,1.06,4.65
198708,2.52,2.78,1.66,-4.4,1.84,2.05,1.32,2.3,1.79,-0.09,2.82,1.15
198709,-1.12,-0.72,-0.54,-4.32,1.21,-0.7,-1.76,-2.31,-3.05,-2.1,-2.43,-0.83
198710,-28.01,-31.56,-29.86,-25.9,-29.6,-31.73,-25.29,-10.45,-29.61,-32.67,-21.3,-30.78
198711,-6.35,-5.66,-4.05,-7.05,-5.68,-7.55,-7.01,-1.58,-7.22,-6.36,-3.44,-5.49
198712,4.3,6.6,5.16,-2.62,5.53,4.9,18,1.13,1.58,1.44,0.37,3.4
198801,5.63,6.71,8.28,7.51,5.85,7.21,5.22,8.16,8.15,12.55,9.36,6.57
198802,8.39,8.69,7.82,3.29,7.89,6.72,9.92,2.22,9.18,7.47,3.95,6.43
198803,3.96,5,5.05,5.79,5.49,3.49,2.61,-0.74,4.48,6.1,1.32,3.82
198804,2.4,1.82,2.54,3.1,1.62,1.77,2.66,0.33,1.79,1.54,-0.04,0.17
198805,-1.04,-1.24,-1.29,-0.95,-1.56,-3.41,-3.69,1.89,-1.05,-2.26,-1.7,-1.74
198806,3.67,6.29,6.09,0.03,6.19,6.51,8.89,3.66,5.32,5.05,4.07,5.24
198807,-0.19,0.41,0.16,1.08,-2.78,-1.56,2.1,-0.04,0.59,-0.14,-0.07,1.32
198808,-2.2,-2.51,-2.93,-1.79,-4.34,-3.55,-3.83,-0.17,-1.75,-1.92,-1.54,-2
198809,2.84,2.67,2.93,-4.45,2.53,1.93,3.97,2.5,4.15,2.12,1.59,0.95
198810,0.56,-1.63,-1.4,-3.02,-0.74,-3.22,-0.63,1.82,-1.07,-3.92,-0.4,-1.36
198811,-4.47,-5.79,-3.69,-3.47,-3.47,-5.06,-1.81,-0.2,-3.95,-6.8,-2.99,-4.89
198812,3.24,1.11,3.48,1.69,3.32,3.77,4.96,1.24,1.54,2.92,-0.36,2.71
198901,5.24,7.09,6.18,8.77,6.3,7.39,10.83,3.03,5.38,6.45,5.65,7.09
198902,0.95,0.75,0.48,-0.22,3.45,-1.22,1.14,-0.89,0.43,-1.16,0.93,1.47
198903,4.36,1.15,1.9,5.7,2.33,0.87,4.09,0.1,2.05,2.14,0.85,0.79
198904,4.65,1.29,4.1,3.14,2.67,3.17,8.96,2.91,4.15,4.45,1.68,3.25
198905,3.36,2.52,2.63,1.5,2.02,2.69,6.63,4.72,3.63,4.53,2.27,2.09
198906,-0.33,-2.72,-1.78,-2.44,-0.99,-2.21,-0.13,2.43,-2.39,-5.03,0.29,-0.3
198907,5.44,6.45,2.82,4.55,2.7,0.48,4.42,4.73,2.13,4.68,3.05,2.85
198908,0.58,1,2.17,3.65,4.87,1.75,3.56,0.4,1.91,1.89,3.05,0.86
198909,-1.15,-0.11,0.25,1.92,-0.56,-0.29,1.04,0.29,-0.8,2.74,0.67,0.32
198910,-6.47,-7.27,-5.93,-3.21,-6.1,-4.33,-6.67,-0.14,-6.79,-4.72,-5.41,-4.65
198911,-0.29,-3.19,-1.76,3.11,1.33,-2.8,-0.12,2.97,-2.11,0.55,-1.6,-0.63
198912,-1.7,-1.1,-1.05,6.38,-0.62,-1.45,0.84,4.39,-0.62,-1.93,-4.64,-2.33
199001,-5.98,-6.12,-4.95,-0.73,-5.47,-5.11,-10.32,-4.93,-5.32,-5.58,-5.32,-4.78
199002,1.22,0.14,2.95,4.78,2.53,3.48,0.84,1.13,2.58,1.69,0.54,1.53
199003,2.58,2.64,4.64,4.75,3.39,4.27,1.34,-0.15,4.36,4.57,-0.82,1.48
199004,-1.73,-2.82,-1.3,-4.57,-3.49,-1.94,-2.77,-4.66,-2.7,-0.88,-4.47,-1.57
199005,3.27,2.08,5.27,4.05,4.96,7.36,9.23,3.79,5.49,8.13,1.1,4.2
199006,0.51,0.6,-0.67,0.69,0.99,1.33,0.29,0.32,0.68,5.14,-1.45,0.54
199007,-4.27,-5.2,-2.39,4.06,-0.27,-5.42,-7.04,0.37,-4.22,-0.6,-4.49,-1.87
199008,-11.61,-16.34,-12.29,3.34,-12.26,-14.33,-15.71,-5.08,-13.67,-10.46,-9.96,-13.88
199009,-8.61,-10.97,-7.76,0.96,-7.34,-9.68,-7.52,0.72,-10.53,-8.24,-9.21,-8.21
199010,-5.32,-7.35,-6.98,-10.71,-2.62,-4.68,-7.78,2.39,-7.34,-3.89,-7.23,-7.1
199011,3.18,3.07,3.63,-1.67,3.59,4.18,6.41,3.58,4.88,6.71,4.58,1.99
199012,1.28,-2.43,0,-6.99,2.9,-0.28,3.85,0.75,-0.57,3.48,-0.74,-1.05
199101,8.91,7.74,9.49,-1,5.03,16.16,5.21,-0.48,10.49,13.39,6.8,8.21
199102,10.4,13.98,11.97,10.27,10.71,14.07,12.79,5.5,13.31,21.21,14.67,16.08
199103,5.92,9.64,6.04,1.72,5.51,11.34,6.85,1.93,10.25,15.9,6.19,9.51
199104,2.14,1.42,1.86,2.28,2.83,4.93,10.8,0.3,2.74,4.16,4.19,1.79
199105,2.34,6.13,3.24,0.32,7.8,2.05,-4.54,2.03,4.92,6.14,2.35,3.02
199106,-2.69,-2.74,-3.58,-4.85,-2.51,-5.88,-5.29,-2.86,-1.86,-4.24,-3.04,-2.78
199107,2.38,0.09,2.88,9.06,3.7,4.09,1.47,3.01,2.9,7.81,4.07,0.8
199108,3.88,1.28,1.5,2.57,5.01,4.17,1.41,3.51,3.14,6.28,2.92,2.17
199109,-0.8,4,-0.6,0.26,0.07,1.24,4.29,2.78,0.58,7.5,-0.4,-0.74
199110,1.92,2.41,2.95,0.77,2.35,2.91,6.79,1.02,0.29,10.61,1.17,1.75
199111,-1.5,-2.2,-2.51,-4.25,0.51,-3.63,-5.09,1.39,-4,-0.38,-2.04,-2.87
199112,4.2,2.01,3.51,-6.57,6.77,4.25,2.55,3.47,3.72,10.78,4.23,2.25
199201,12.13,17.3,13.63,6.67,12.02,21.05,5.96,-1.76,13.17,24.78,17.22,21.46
199202,6.12,11,5.46,2.66,5.41,8.46,1.33,0,6.48,-0.96,7.65,5.87
199203,-0.82,-0.62,0.92,-3.98,-0.07,-1.9,-1.62,-0.6,0.6,-7.12,0.72,-1.9
199204,-3.31,-3.25,-2.97,-0.19,-1.24,-5.42,-1.96,0.99,-5.34,-11.48,0.83,-4.61
199205,-0.97,-1.37,0.64,3.77,-0.6,-1.4,-1.42,2.9,-1.44,-1.3,3.09,0.76
199206,-5.21,-2.35,-4.14,-5.27,-5.23,-7.51,-0.87,0.25,-4.44,-6.1,-0.9,-4.51
199207,1.72,0.44,0.78,4.68,1.41,1.58,2.49,6.84,2.85,3.63,4.6,1.92
199208,-2.56,-3.49,-4.42,2.48,-4.33,-4.22,-3.75,1.39,-1.35,-3.84,-1.94,-3.24
199209,1.03,-0.77,1.2,6.36,0.19,1.86,1.96,0.85,2.29,-1.53,1.9,0.73
199210,0.76,3,1.07,0.03,1.64,4.19,3.06,-0.3,4.59,3.84,1.68,0.38
199211,7.59,8.38,7.78,-0.73,5.1,10.86,7.95,0.59,9.22,12.28,5.99,5.3
199212,1.42,6.83,3.58,0.74,1.67,5.06,4.19,2.55,3.59,0.93,6.23,3.29
199301,5.19,10.41,7.48,7.36,2.55,7.2,6.92,2.51,5.89,3.24,9.63,8.27
199302,-1.23,-1.63,0.65,7.15,1.01,-2.74,2.5,5.13,-3.64,-12.75,1.43,-0.87
199303,3.21,4.56,2.56,8.95,-0.17,1.13,7.05,3,3.1,0.14,4.48,2.11
199304,-2.02,-1.91,-1.93,4.01,-0.24,-3.69,-1.71,0.81,-3.07,-4.01,-1.15,-0.16
199305,3.86,5.59,3.93,5.5,3.3,6.7,7.94,1.17,4.92,6.35,-0.25,5.55
199306,-0.5,0.71,1.69,0.56,0.44,1.98,12.14,2.81,0.62,-0.01,1.83,0.69
199307,-0.24,2.07,1.13,-0.03,1.97,0.52,7.81,1.8,0.51,-2.5,4.08,1.07
199308,2.3,2.21,5.43,3.86,3.88,6.02,13.54,3.55,3.07,1.91,3.88,3.1
199309,1.68,2.62,0.91,1.57,0.05,3.2,7.88,0.16,3.04,4.46,4.25,2.02
199310,4.63,3.89,3.22,1.08,4.87,5.09,12.07,-1.3,4.07,6.79,2.77,4.59
199311,-0.72,0.07,-0.65,-9.4,-1.75,-1.02,-9.27,-5.44,-1.09,-4.37,-3.18,-2.15
199312,0.07,4.23,3.13,-2.85,3.57,1.57,-0.47,0.74,0.44,-0.8,1.72,0.68
199401,1.48,4.84,6.88,6.64,4.31,6.36,3.28,0.14,2.45,6.39,4.1,6.98
199402,-0.27,-1.37,0.93,1,2.06,0.67,-2.5,-3.27,-0.04,-2.92,-1.29,-1.84
199403,-3.15,-5.12,-3.93,-4.08,-5.17,-4.98,-6.07,-3.31,-3.94,-6.99,-2.57,-5.05
199404,-0.66,-1.6,-0.54,1.55,0.78,-2,-2.65,1.78,-2.37,-4.51,0.81,-3.43
199405,-1.16,-1.49,0.75,1.29,-0.35,-1.36,0.05,-3.68,-2.54,-0.17,2.37,-0.41
199406,-2.47,-3.6,-2.71,2.04,-0.65,-5.26,-2.04,-2.05,-4.42,-5.28,1.12,-4.93
199407,1.05,1.1,3.35,0.66,1.61,2.31,4.04,2.85,0.65,-0.52,1.6,-0.01
199408,5.06,3.39,3.8,-0.15,4.65,6.42,4,0.94,4.14,6.94,2.39,2.43
199409,0.3,-0.45,0.78,3.36,-1.05,3.41,2.74,-2.14,0.28,1.11,-0.18,-0.24
199410,-0.46,-0.18,0.3,1.5,-0.18,5.13,-2.11,0.03,0.09,-1.57,-1.79,-1.5
199411,-4.07,-4.61,-4.98,-8.35,-4.36,-2.27,-5.91,-1.61,-4.62,-2.53,-5.07,-5.65
199412,-2.13,-2.43,0.37,-3.04,-0.28,1.69,-1.99,0.72,-4.86,-4.27,0.3,-2.24
199501,1.68,-1.17,0.95,-0.87,2.85,4.11,3.5,4.01,2.15,7.38,4.04,3.86
199502,3.1,2.62,3.25,3.01,2.2,4.76,3.55,2.59,1.81,2.66,3.98,1.87
199503,-0.03,-1.26,1.34,4.22,2.03,4.16,2.46,-0.93,0.95,3.17,1.21,1.98
199504,1.36,0.68,2.76,1.85,2.88,4.31,1.23,1.47,1.07,2.17,2.71,1.85
199505,-0.38,0.15,2.44,2.61,0.75,3.14,-0.55,3.58,-0.3,3.86,2.8,0.8
199506,2.36,1.47,4.61,-0.72,2.4,11.54,6.15,0.55,4.65,9.84,4.14,4.83
199507,4.53,5.7,5.99,2.82,3.23,9.99,7.39,-0.48,4.52,9.84,4.99,5.34
199508,2.95,-0.95,0.76,3.17,2.3,4.05,5.31,2.14,1.68,8.11,5.49,2.98
199509,2.57,3.79,1.03,0.33,1.39,4.37,1.48,4.54,0.87,5.74,3.37,1.84
199510,-5.2,-5.53,-5.98,-5.05,-5.3,-5.52,-5.73,1.14,-7.07,-6.48,-0.34,-4.81
199511,-0.09,0.66,0.81,2.15,2.35,2.86,1.08,2.52,0.88,1.15,3,-0.14
199512,-0.37,-1.78,-0.13,4.39,-0.36,-1.18,0.98,3.72,-2.61,7.21,1.53,0.75
199601,1.35,2.82,2.22,3.3,6.58,0.07,0.29,1.7,1.35,9.49,2.29,5.11
199602,3.13,2.85,2.56,2.99,4.48,6.96,7.75,-0.29,4,5.29,1.69,3.47
199603,2.77,4.36,1.77,6.66,4.55,0.37,3.61,0.64,6.33,3.3,1.48,4.27
199604,3.52,6.29,6.61,11.03,4.01,13.14,5.27,-0.56,6.18,7.47,0.86,6.23
199605,6.78,10,5.78,6.83,4.58,11.5,6.16,1.22,8.96,7.46,2.5,8.6
199606,-2.79,-2.58,-3.67,0.95,-1.28,-8.39,-2.39,2.84,-3.17,-6.49,-0.01,-2.42
199607,-8.85,-6.25,-8.14,-4.29,-7.03,-14.15,-11.09,-3.2,-8.94,-14.55,-2.78,-9.6
199608,4.2,4.32,3.94,4.64,1.82,4.69,6.03,4.11,4.55,5.37,4.68,4.23
199609,1.71,2.37,3.2,5.16,1.11,4.81,2.1,1.21,1.2,3.94,3.57,1.67
199610,-2.22,-0.46,-1.4,8.05,-0.73,-5.09,-7.81,2.01,-4.28,-7.23,2.08,-4.83
199611,1.65,1.29,4.52,6.52,0.85,2.86,-2.21,2.74,1.94,0.87,4.32,-0.69
199612,-2.49,0.09,1.23,-0.38,0.28,-2.38,-5.02,0.91,-2.37,1,1.45,-1.97
199701,6.45,4.06,7.24,7.97,7.01,8.83,6.27,1.34,3.96,9.43,4.96,7.11
199702,1.02,-0.18,-1.86,-9,-0.44,-6.66,-4.18,-0.71,-1.08,-1.37,3.66,-1.65
199703,-4.11,-3.27,-3.49,1.31,-3.71,-9.36,-8.19,-2.65,-4.29,-9.82,-2.46,-4.84
199704,-2.74,-2.31,-0.61,-3.57,0.02,-3.52,-2.09,-0.81,-2.91,-6.7,-0.2,-1.08
199705,6.51,7.1,10.67,8.97,7.7,14.82,12.38,3.83,7.35,10.27,5.77,7.3
199706,3.28,4.89,5.24,3.35,1.67,2.41,8.97,3.04,4.46,2.72,6.69,3.65
199707,3.41,2.08,7.06,4.54,5.1,7.14,5.45,2.67,3.41,1.2,6.42,5.39
199708,1.46,2.85,4.37,7.41,0.05,7.24,4.48,0.34,2.72,2.8,1.46,2.06
199709,7.52,6.96,7.21,12.56,4.47,9.15,9.64,4.55,8.19,11.4,9.04,8.28
199710,-3.9,-1.04,-3.64,0.8,-1.67,-5.61,-0.14,1.19,-1.7,-2.21,0.93,-1.62
199711,-1.1,-1.77,-2.11,-9.28,-0.73,-4.73,-1.25,5.54,-1.21,-4.89,1.63,-3.11
199712,-4.03,-4.49,-4.18,-5.14,-5.91,-8.06,-1.23,8.57,-5.59,-6.84,4.93,-2.24
199801,-0.36,2,0.57,-6.19,6.68,3.45,4.76,-4.04,1.49,2.27,-1.04,4
199802,7.77,8.11,6.41,2.71,7.37,7.85,9.31,2.04,6.48,4.81,5.05,6.73
199803,2.8,6.16,3.98,3.33,2.94,4.49,7.24,4.87,6.41,3.73,4.93,6.7
199804,2.34,4.19,2.11,1.38,0.85,4.72,1.79,-1.64,3.67,-0.42,3.17,2.96
199805,-2.82,-1.46,-4.7,-7.29,-3.18,-8.15,-6.02,-1.26,-2.91,-4.11,-2.41,-5.39
199806,-3.04,-2.97,-5.14,-6.63,-4.4,-2.78,1.99,2.71,-1.17,-6.35,-1.46,-1.87
199807,-5.14,-7.07,-7.14,-14.44,-6.67,-7.69,1.45,-4.48,-5.05,-5.44,-2.99,-5.77
199808,-16.9,-19.12,-18.71,-22.96,-18.86,-23.96,-24.19,-1.26,-21.31,-24.64,-17.28,-20.71
199809,-0.46,3.73,0.35,13.17,-0.39,5.87,4.85,8.34,0.09,7.56,3.15,4.53
199810,2.14,4.6,4.77,1.08,5.71,6.85,4.22,0.75,4.67,4.99,0.37,2.36
199811,6.37,7.29,4.98,-11.8,4.38,17.49,10.67,1.76,15.02,7.2,4.34,5.02
199812,5.3,2.24,-0.52,-10.12,-2.98,5.67,6.51,2.56,4.52,2.04,0.89,2.7
199901,3.53,4.36,5.04,-0.84,3.71,15.17,18.42,-5.52,6.21,8.89,1.71,9.55
199902,-2.69,-4.18,-5.58,-10.36,-3.25,-7.04,-6.32,-3.7,-4.84,-7.25,-0.59,-5.65
199903,-5.37,-3.72,-4.03,21.09,-2.07,-0.41,7.16,-0.99,-1.95,-1.89,-1.83,-2.23
199904,6.2,12.55,13.2,14.76,12.61,9.27,21.31,5.99,7.93,3.21,6.3,8.49
199905,4.04,6.61,3.14,0.03,0.85,7.06,2.71,6.92,2.45,5.88,0.68,2.85
199906,1.69,4.22,4.14,3.62,2.92,7.44,7.09,0.95,3.11,3.66,1.96,2.9
199907,-1.46,-0.17,0.55,4.28,0.42,1.89,2.21,2.22,-1.09,3.94,-0.1,0.24
199908,-6,-6.53,-3.97,2.17,-5,-0.82,-2.26,0.72,-7.47,-1.63,-3.84,-4.95
199909,-2.95,-5.65,-3.42,-0.1,-5.45,2.03,1.08,-2.53,-2.78,-1.36,-3.24,-2.34
199910,-0.95,-3.16,-3.04,-6.75,-5.33,4.51,8.86,2.02,-3.2,-2.7,1.67,-2.55
199911,-0.2,3.88,2.67,-1.32,4.25,29.36,14.4,-2.49,6.92,13.2,0.59,6.91
199912,0.33,3.02,5.04,0.65,1.55,25,20.49,-1.76,2.2,15.79,-1.26,7.67
200001,1.69,3.91,3.87,7.49,0.12,11.82,4.21,2.38,0.76,24.01,-2.44,3.23
200002,3.61,6.65,5.7,4.59,2.75,32.27,21.89,-4.37,2.04,42.94,-1.4,10.14
200003,4.65,6.47,3.05,16.86,8.34,-2.88,-2.76,6,3.54,-9.02,1.84,0.52
200004,-4.39,-6.58,-2.39,-3.8,-4.83,-20.25,-17.52,5.55,-5.49,-13.71,-1.78,-8.24
200005,-1.65,-8.06,-4.81,16.03,-2.32,-14.5,-13.75,2.3,-5.92,-7.33,0.18,-6.65
200006,2.4,2.54,3.75,3.54,1.69,16.85,10.41,-3.02,1.95,19.08,1.16,6.01
200007,0.56,-1.36,-0.56,-6.34,-1.58,-8.31,-9.72,5.25,-2.69,-2.43,2.84,-0.14
200008,2.4,5.69,4.38,16.16,2.39,10.13,-0.27,6.92,2.72,12.78,4.69,3.48
200009,-0.52,-6.34,-5.91,4.55,-2.46,-11.24,-16.08,6.83,-5.58,-0.09,2.01,-5.42
200010,-4.42,-5.02,-3.86,-7.29,1.36,-13.33,-11.75,-1.06,-5.73,-8.15,-1.07,-8.02
200011,-6.94,-12.24,-8.65,-4.94,-7.32,-26.99,-27.39,3.81,-10.16,-13.71,-3.11,-10.35
200012,-0.8,-1.91,1.2,24.93,3.28,-9.84,-5.51,8.24,-3.79,-3.64,5.35,-1.53
200101,18.58,20.79,17.3,0.46,12.28,47.16,53.13,-7.14,27.78,22.04,10.54,24.37
200102,-0.76,-1.98,-3.3,1.24,-0.9,-21.98,-20.08,2.94,-2.87,-9.19,0.08,-6
200103,-2.88,-5.8,-5.63,0.51,-1.23,-16.51,-16.26,2.39,-4,-9.36,-0.18,-7.19
200104,3.74,8.79,6.48,7.77,2.76,14.14,3.07,3.92,5.73,12.55,3.23,6.45
200105,7.05,8.2,5.98,4.63,6.69,3.98,0.38,1.14,8.52,13.55,5.9,9.38
200106,0.42,2.67,-0.05,-12.75,-4.32,-0.17,-0.03,-1.89,3.18,7.26,4.2,0.72
200107,0.16,-1.74,-2.74,-3.72,-0.3,-9.71,-10.67,-3.21,-0.48,-2.72,2.9,-2.4
200108,-0.92,-3.92,-3.77,-5.92,-0.54,-10.06,-11.94,0.7,0.47,-2.82,-0.13,-3.5
200109,-11.71,-17.72,-14.05,-13.68,-12.49,-19.19,-20.26,-4.69,-12.49,-11.82,-4.73,-17.06
200110,3.74,4.86,3.58,11.9,3.87,20.79,6.22,0.14,4.49,11.88,0.11,5.49
200111,4.98,9.16,5.96,-5.24,7.18,15.7,15.51,0.53,8.91,7.11,4.1,7.87
200112,4.17,6.77,5.17,6.4,3.19,8.81,7.48,4.06,6.7,6.37,3.15,9.75
200201,2.11,5.49,2.67,-5.02,-0.11,3.77,-11.58,-2.54,5.67,-3.24,2.62,2.95
200202,1.51,0.14,0.18,1.61,1.26,-12.03,-12.72,0.26,-1.99,-7.92,0.52,-1.7
200203,8.21,7.01,9.94,14.33,8.08,10.42,5.53,7.69,8.57,6.44,5.49,7.53
200204,5.22,5.62,1.59,1.12,1.33,-6.39,-7.21,0.81,4.87,-6.27,5.37,-0.29
200205,1.38,-2.24,-2.93,-5.28,-0.32,-6.91,-7.17,-4.13,1.73,-3.89,1.33,-2.09
200206,-4.26,-4.9,-5.67,-5.7,-3.03,-13.91,-17.52,-4.07,-4.92,-10.08,-1.16,-5.56
200207,-9.98,-12.34,-12.8,-14.98,-6.96,-15.27,-12.2,-11.69,-14.47,-11.06,-6.51,-14.55
200208,0.09,0.26,-1.58,4.71,1.92,0.6,1.62,3.17,-1.65,-0.71,2.66,-2.12
200209,-8,-7.96,-9.41,-5.13,-9.16,-14.5,-11.02,-7.34,-7.8,-8.7,-3.74,-8.58
200210,3.96,0.75,2.49,1.57,4.37,12.71,9.5,-0.36,0.49,4.62,1.73,2.43
200211,8.49,9,10.64,2.95,6.71,27.76,26.05,3.34,9.87,11.33,4.19,11.21
200212,-1.84,-4.52,-4.83,1.9,-5.84,-11.55,-7.16,2.28,-5.83,-7.02,0.11,-4.14
200301,-2.05,-1.67,-1.52,2.58,-2.31,1.98,-0.6,-1.78,-2.8,1.71,1.8,-1.23
200302,-2.85,-4.51,-4.16,4.39,-1.42,-3.23,-5.49,-3.98,-4.51,-2.64,-0.2,-3.76
200303,0.38,-4.09,-1.44,-0.85,0.75,0.91,0.93,3.85,0.63,4.8,1.08,3.28
200304,7.95,10.09,7.77,1.43,9.39,12.67,15.04,9.39,10.07,15.42,7.5,9.89
200305,6.84,5.48,11.07,20.54,5.98,23.15,18.32,10.59,10.29,23.64,6.98,13.02
200306,3.33,3.93,3.54,6.02,-0.68,5.99,9,-0.97,7.48,8.76,2.65,6.37
200307,3.71,8.31,6.93,-4.2,4.97,12.35,6.93,-2.24,8.3,6.7,5.63,7.58
200308,4.17,5.49,6.83,7.39,5.47,7.9,2.12,1.05,6.58,4.61,2.1,4.54
200309,2.17,0.63,-0.45,-0.19,0.78,3.92,-0.47,2.77,-0.15,7.25,1.77,2.03
200310,6.01,9.63,9.85,5.56,5.77,12.83,5.91,3.14,10.1,5.04,6.52,8.96
200311,3.21,1.58,4.03,2.79,4.68,5,5.08,2.3,3.51,2.69,3.7,4.29
200312,2.75,4.67,6.81,17.31,8.05,0.11,3.89,4.16,2.04,4.11,2.45,4.72
200401,4.96,3.06,5.3,5.45,5.66,12.53,8.42,2.18,5.53,11.9,3.57,5.54
200402,4.27,-0.67,1.46,4.59,1.76,-2.69,-2.55,2.18,3.88,0.45,1.92,2.56
200403,0.31,-0.6,0.38,3.17,1.28,-1.74,-4.35,0.87,1.5,0.39,0.21,2.64
200404,-0.19,-0.98,-1.39,3.06,-0.87,-7.42,-5.46,-2.97,-1.85,-1.18,-3.88,-2.11
200405,0.48,-2.24,0.91,-1.1,0.6,2.43,-2.38,0.36,-0.9,-3.96,0.69,-0.46
200406,2.68,3.85,6.82,8.02,4.65,1.32,-2.06,2.68,3.46,-0.1,1.88,3.63
200407,-5.07,-5.55,-4.62,0.65,-5.54,-13.53,-8.58,-0.82,-5.47,-10.01,-1.84,-5.69
200408,-2.1,-4.31,-1.86,-5.02,1.72,-2.94,-2.47,3.02,-2.86,0.08,1.6,-2.99
200409,1.61,0.63,4.53,12.58,5.06,4.48,1.48,1.68,4.18,4.23,3.01,4.95
200410,1.71,-0.34,-0.21,2.54,1.95,3.53,2.88,2.42,2.41,-1.17,2.45,2.41
200411,6.87,8.87,12.45,9.6,9.96,9.81,12.65,5.47,9.71,8.17,6.08,8.21
200412,6.65,5.46,5.38,-0.43,5.96,8.67,9.07,1.92,5.23,7.68,2.79,8.34
200501,-0.57,-5.97,-3.51,3.15,-1.05,-7.79,-5.76,0.33,-1.9,-4.03,-2.01,-2.8
200502,0.63,-0.76,3.34,16.59,2.75,-0.04,-1.45,1.97,1.59,-2.07,0.29,1.77
200503,-1.73,-6.81,-1.18,-0.01,-1.46,-4.44,-4.2,-0.24,0.55,-7.33,-2.09,-2.72
200504,-2.92,-9.97,-7.55,-7.58,-8.15,-8.18,-7.52,-0.04,-5.87,-3.41,-3.11,-7.01
200505,4.22,5.79,4.32,5.43,3,6.83,2.37,4.72,6.32,4.93,3.46,4.91
200506,4.09,5.07,3.03,13.34,0.9,1.94,3.32,4.39,4.01,3.28,2.95,3.01
200507,4.24,5.16,9,11,5.57,7.07,3.06,3.77,7.14,8.75,3.68,7.56
200508,-2.91,-2.59,-0.2,7.11,-3.77,-1.06,-1.56,0.28,-3.58,-0.97,-1.22,-0.81
200509,-1.47,-1.95,0.94,11.45,-2.14,1.38,-0.99,2.94,-2.44,0.33,0.17,1.34
200510,-4.14,-5.45,-4.54,-10.02,-3.86,-3.14,-5.76,-6.32,-2.24,-4.63,-0.22,-2.77
200511,1.9,2.63,5.23,1.43,0.82,5.54,2.03,0.59,4.94,2.26,3.25,3.28
200512,-0.84,-0.09,1.81,3.48,3.69,1.24,-0.23,-0.04,0.72,0.1,0.12,1.65
200601,4.92,5.11,11.83,17.79,10.54,9.15,3.82,3.99,7.46,11.37,3.57,7.65
200602,1.71,0.1,0.43,-11.67,0.09,1,0.78,0.88,1.2,2.18,0.75,0.12
200603,3.37,4.41,6.07,6.61,6.22,5.37,5.9,-1.54,4.46,2.68,2.59,4.95
200604,1.16,2.16,3.25,5.62,7.03,0.2,0.12,1.2,1.02,-3.79,0.43,1.11
200605,-2.81,-2.17,-5.7,-6.14,-4.69,-8.17,-3.73,-0.45,-4.77,-7.49,-1.34,-4.17
200606,-0.09,-0.32,-0.34,3.16,-4.91,-2.83,-2.33,2.02,-0.92,-2.07,0.83,-0.77
200607,-2.82,-5.91,-4.67,-0.41,-3.6,-5.42,-3.14,5.57,-3.81,-4.73,-0.61,-5.61
200608,2.18,-0.5,1.6,-3.72,1.72,4.46,3.16,2.07,1.05,3.69,1.56,0.8
200609,1.44,2.68,0.39,-8.83,-0.13,1.1,2.96,-2.11,4.66,-0.46,1.8,1.23
200610,5.4,6.14,5.67,5.63,9.87,4.08,6.39,5.29,5.46,6.5,2.56,6.16
200611,1.79,4.35,2.97,7.59,7.5,2.78,1.19,3.03,0.41,2.66,1.94,3.22
200612,2.65,3.43,1.04,-5.06,0.02,1.37,3.57,0.69,1.28,1.47,1.42,2.19
200701,3.73,3.64,2.77,-1.41,3.34,2.48,5.42,0.27,2.95,4.57,-0.09,3.55
200702,0.37,0.27,2.5,-1.08,0.84,0.67,-0.91,2.67,0.44,0.11,-1.29,-0.07
200703,1.45,-1.14,0.98,4.07,1.18,0.73,-0.73,4.32,1.54,0.09,-0.91,-1.08
200704,1,2.96,4.87,6.4,2.02,2.26,2.66,2.37,2.21,5.05,-0.53,2.67
200705,2.33,4.22,4.83,5.21,3.36,2.44,5.01,0.7,1.64,-0.3,1.32,4.44
200706,0.71,-1.19,1.63,0.1,2.19,1.49,-0.4,-3.56,-1.26,-3.74,-1.64,-1.39
200707,-6.01,-6.08,-2.55,-6.89,-3.63,-3.07,-4.24,-3.98,-5.81,-5.03,-7.31,-5.41
200708,-2.32,-3.01,-2.18,-3.55,-1.03,-2.21,-2.34,2.29,-2.08,0.08,1.29,-1.95
200709,-0.03,0.76,2.38,5.39,3.09,3.32,-0.82,2.27,-0.96,3.06,0.85,-0.2
200710,-1.28,-0.36,1.29,5.41,1.46,3.14,-0.12,5.23,0.13,2.6,-2.76,2.03
200711,-8.57,-10.2,-8.34,-9.28,-8.6,-9.93,-11.14,-1.41,-9.04,-8.22,-6.04,-9.36
200712,-0.7,-1.66,-0.56,5.81,5.25,0.01,-2.82,0.53,-4.2,-2.68,-3.29,-2.02
200801,-5.2,-5.67,-7.82,-5.46,-7.23,-10.01,-9.25,-6.03,-3.92,-5.24,0.46,-4.24
200802,-0.93,-5.18,0.15,7.51,-1.89,-2.86,-6.86,-3.56,-5.16,-1.73,-5.14,-3.21
200803,-1.43,-3.21,-1.86,-2.02,-3.29,-3.01,-1.27,0.23,-1.16,-5.61,-1.65,-3.35
200804,1.27,0.61,4.53,10.62,4.54,3.32,-0.13,5.81,2.97,2.16,-0.76,1.67
200805,2.35,2.86,6.68,18.64,4.23,5.86,3.77,4.22,2.09,3.51,-1.25,1.24
200806,-11.65,-14.8,-9.51,12.24,-10.12,-8.48,-11.31,-2.96,-11.32,-6.98,-14.38,-9.88
200807,1.09,-0.81,0.32,-18.21,2.48,-1.08,-4.11,-2.2,1.25,6.47,3.57,1.28
200808,3.21,0.38,2.19,-1.57,1.2,2.06,3.29,1.72,5.35,-0.04,3.37,2.73
200809,-6.49,-11.5,-15.56,-22.91,-17.54,-14.28,-15.63,-8.44,-9.57,-13.08,-2.61,-12.07
200810,-21.19,-31.44,-26.54,-32.66,-21.19,-22.12,-27.05,-10.18,-24.09,-18.86,-14.98,-22.29
200811,-16.54,-16.6,-14.8,-19.52,-17.98,-14.45,-13,-1.08,-18.53,-13.84,-12.04,-12.08
200812,3.47,-2.76,2.9,-8.2,-0.79,3.14,5.3,-0.21,8.27,7.04,0.5,4.57
200901,-7.89,-6.09,-9.08,-1.67,-4.35,0.21,-4.54,-1.18,-4.74,6.19,-12.13,-2.57
200902,-10.01,-17.16,-15.86,-19.6,-17.92,-8.57,-9.99,-13.07,-7.22,-11.68,-14.08,-7.54
200903,9.59,19.56,10.18,7.99,10.69,12.45,12.95,3.32,18.06,13.21,13.5,10.78
200904,27.77,38.31,28.29,25.02,25.81,20.56,25,4.13,34.84,13.9,14.6,22.58
200905,12.6,4.45,6.22,28.34,9.59,8.58,11.03,3.31,7.19,18.51,6.25,7.09
200906,-1.29,8.16,2.62,-8.11,-0.01,7.68,2.17,6.06,4.72,10.74,-1.37,3.46
200907,14.93,19.88,12.01,6.85,14.82,8.85,7.23,4.93,9.58,9.12,4.46,8.35
200908,8.31,10.82,8.15,3.68,8.42,6.16,20.13,0.92,6.34,5.81,4.78,7.25
200909,6.56,8.2,9.72,17.72,7.74,10.23,11.66,3,5.79,8.44,0.06,7.67
200910,-2.39,-3.9,-6.26,-4.96,-4.6,-6.31,-3.8,-2.59,-4.2,-10.56,-7.24,-7.21
200911,0.99,5.69,4.61,-1.05,8.14,3.11,4.12,3.74,1.44,3.23,-1.64,1.4
200912,7.02,8.73,8.61,8.82,7.41,8.57,10.41,6.26,5.67,8.03,2.51,5.74
201001,0.07,-0.95,-3.12,-2.42,0.98,-3.18,-4.09,-4.13,-1.18,0.08,4.59,-2.3
201002,5.96,4.69,4.61,5.4,5.31,5.57,3.37,0.48,5.92,2.07,1.93,3
201003,9.94,8.86,9.25,3.72,7.09,7.75,11.42,4.31,10.34,8.18,6.54,8.66
201004,5.46,10.17,8.95,9.26,7.9,5.13,11.19,3.66,7.51,6.97,9.75,8.09
201005,-6.4,-9.6,-8.66,-13,-8.61,-6.98,-7.51,-6.28,-7.27,-9.04,-7.82,-8.89
201006,-6.04,-11.53,-7.83,-5.82,-10.75,-6.06,-7.06,-1.08,-10.15,-7.68,-8.68,-8.79
201007,5.81,8.28,8.38,7.27,9.79,6.47,7.41,5.77,6.14,2.88,3.08,6.69
201008,-8.04,-6.85,-8.09,-7.17,-5.16,-5.51,-9,-0.87,-8.03,-5.57,-7.38,-7.84
201009,9.06,12.71,11.57,12.88,11.56,14.09,11.55,4.95,14.06,11.35,5.93,11.63
201010,2.16,7.75,6.45,4.87,11.42,6.15,6.11,2.5,3.76,2.65,1.88,3.82
201011,3.39,2.84,3.98,10.6,2.2,1.76,2.1,-0.1,4.19,0.02,-0.36,3.66
201012,5.7,6.8,9.87,11.2,6.95,8.12,6.54,3.77,5.51,10.81,8.23,10.6
201101,-0.83,0.72,2.85,6.21,0.36,3.62,1.5,1.85,-0.8,1.33,3.06,-0.54
201102,3.53,-1.48,4.4,11.28,1.61,5.03,8.57,3.52,5.92,3.47,2.72,3.14
201103,1.38,2.12,2.62,4.44,4.68,0.87,-0.22,2.21,0.87,2.74,-0.89,0.21
201104,2.35,2.32,-0.26,-0.55,2.05,1.48,1.74,3.26,2.29,5.12,0.41,0.12
201105,-0.81,-4.27,-3.46,-7.11,-1.12,-2.38,1.54,0.28,-0.38,-0.1,-2.38,-3.01
201106,-1.66,-1.88,-1.95,-5.16,-3.47,-2.82,-2.34,-0.35,-1.4,-4.12,-2.16,-2.43
201107,-0.47,-4.78,-3.12,2.98,0.29,-4.44,-7.17,-1.09,-1.8,-3.25,-2.07,-1.74
201108,-8.31,-12.15,-9.95,-16.06,-9.24,-9.96,-10.31,-0.06,-8.26,-11.36,-7.68,-9.32
201109,-8.33,-14.33,-14.69,-20.74,-13.72,-10.73,-12.51,-3.2,-8.36,-9.38,-8.31,-12.82
201110,9.1,16.76,15.6,23.41,17.13,11.86,12.01,6.82,12.52,9.84,8.94,13.56
201111,-3.92,-6.3,-0.11,-0.12,-0.07,-3.83,-1.35,1.04,-0.73,-2.87,-0.92,-1.25
201112,1.16,0.09,-1.94,-2.02,0.14,-1.02,0.16,2.17,0.55,-0.83,1.25,0.8
201201,7.8,11.12,11.51,5.05,13.75,10.7,6.76,-2.37,6.18,11.74,7.77,10.33
201202,5.4,5.36,3.23,6.38,3.33,3.92,5,0.91,5.09,4.05,4.31,2.36
201203,3.08,4.24,0.49,-3.25,2.46,2.61,3.56,-0.28,3.91,4.42,6.35,2.06
201204,-0.3,-3.86,-1.43,-3.51,-0.23,-2.7,-4.61,1.14,0.31,-1.56,-0.05,-1.82
201205,-3.21,-8.78,-10.66,-16.64,-10.66,-8.29,-8.12,-1.4,-5.66,-5.64,-4.06,-7.51
201206,3.55,-1.45,2.94,3.48,1.69,3.56,5.73,4.36,2.26,7.36,3.38,4.03
201207,-0.56,-2.32,-1.11,-2.32,-0.88,-2.72,1.49,3.09,-0.74,0.91,0,-3.59
201208,4.94,2.31,3.02,1.92,2.29,3.57,1.67,-1.6,2.36,2.24,3.29,1.33
201209,1.97,7.18,2.41,6.15,3.65,2.15,6.82,2.76,2.75,6.39,3.69,4.48
201210,0.15,-1.64,-0.12,-5.01,-1.34,-5.25,-0.35,0.42,-1.62,-5.24,1.05,-1.31
201211,2.84,0.42,3.05,-3.25,-0.13,0.27,-3.43,-2.56,2,0.62,-0.51,0.03
201212,0.93,5.27,4,1.68,3.13,3.12,1.98,0.63,1.34,-0.68,2.85,4.52
201301,6.2,9.63,7.26,6.79,9.04,6.46,8.63,5.11,6.05,9.07,8.19,6.43
201302,1.14,0.86,0.99,-1.94,0.32,1.24,-1.52,2.2,0.91,-0.28,2.64,1.41
201303,5.72,6.36,3.57,1.84,2.26,3.84,7.16,5.25,5.1,5.17,4.31,4.31
201304,2.09,0.38,-0.98,-4,-2.06,-0.87,5.94,4.36,1.51,1.08,-0.12,-1.88
201305,4.58,6.22,5.44,5.26,5.29,5.69,5.01,-4.75,5.62,4.45,4,5.53
201306,1.72,-0.36,-0.96,-3.58,-3.51,0.64,4.16,0.14,-0.04,-1.27,0.94,-0.95
201307,5.4,6.79,6.8,6.98,8.11,7.75,9.14,5.92,6.17,10.71,7.26,6.48
201308,-2.19,-1.74,-0.53,-1.46,-1.65,-1.09,-3.25,-5.53,-3.83,-1.74,-2.98,-1.47
201309,4.02,8.42,6.95,4.7,6.43,6.09,7.18,2.56,5.44,9.15,3.83,5.19
201310,3.75,3.34,4.79,5.77,2.74,2.25,2.93,3.53,2.74,-1.86,2.67,3.08
201311,3.39,2.6,4.51,-1.85,2.85,4.47,3.98,-0.47,3.51,8.34,4.82,3.16
201312,2.25,2.65,4.55,1.71,2.19,3.62,5.37,1.66,1.28,4.06,1.39,3.21
201401,-3.61,-1.04,-1.63,-2.55,-2.43,1.39,-0.43,1.29,-5.42,9.18,-2.49,0.55
201402,5.54,4.95,4.83,6.16,7.63,4.51,3.34,3.47,4.44,5.96,3.13,4.69
201403,3.3,1.06,0.51,1.76,4.43,-1.46,-0.5,2.49,0.4,-3.91,1.68,-0.42
201404,-2.79,-4.69,-3.34,4.72,-1.09,-6.46,-4.78,1.94,-2.85,-7.8,-2.54,-3.4
201405,1.32,1,-0.72,-1.36,0.38,-0.14,2.47,0.7,-0.69,0.88,0.49,-0.33
201406,2.15,2.59,4.23,8.09,1.89,5.86,1.58,5.16,2.24,7.34,3.5,3.77
201407,-4.23,-3.65,-5.34,-7.39,-3.61,-5.19,-3.02,-6.63,-4.85,-6.96,-2.6,-4.9
201408,5.16,10.33,5.02,1.87,4.07,3.94,-0.59,5.83,4.82,4.68,3.36,3.27
201409,-2.87,-7.18,-6.25,-12.98,-8.77,-4.45,-5.35,-4.83,-3.85,-4.92,-2.62,-4.48
201410,3.6,6.05,3.27,-14.2,-0.13,1.59,3.85,8.96,3.16,5.1,4.89,2.48
201411,3,-0.89,-1.39,-18.41,-0.99,1.72,0.78,-0.53,2.52,0.52,0.32,0.46
201412,1.19,0.58,0.23,-9.96,0.43,2.33,-1.18,2.96,1.93,5.27,3.23,2.17
201501,-1.76,-4.36,-5.84,-8.97,-4.92,-3.3,-3.88,0.64,-2.71,2.73,-5.39,-3.97
201502,4.22,6.81,7.17,12.62,9.88,7.51,6.37,-2.63,4.58,9.24,4.6,5.69
201503,1.67,-0.42,-0.35,-8.75,-0.41,-1.49,0.8,-0.12,1.66,1.11,2.1,-0.53
201504,-1.09,0.23,0.74,15.72,1.04,-0.25,12.5,0.34,-2.33,-4.17,0.05,-0.4
201505,1.36,-0.54,-1.65,-8.2,2.03,2.32,0.47,-0.77,-0.19,5.39,1.02,-0.32
201506,0.2,-1.95,-1.57,-8.7,-1.93,-1.14,-1.88,-5.19,0.11,2.56,2.7,-1.18
201507,-0.68,-3.52,-5.92,-21.17,-7.13,-4.13,-1.5,2.79,-1.88,-0.41,0.09,-3.32
201508,-3.66,-4.25,-3.93,4.02,-6.95,-5.66,-5.55,-3.38,-5.04,-7.14,-3.25,-5.38
201509,-3.93,-6.24,-8.44,-18.19,-8.76,-3.2,-1.08,0.9,-5.73,-11.49,-0.83,-5.84
201510,4.82,7.33,6.84,9.18,12.08,5.89,6.3,3.09,3.46,2.88,4,6.33
201511,-0.66,2.69,-0.19,-2.51,-1.81,2.94,-2.38,-2.16,-1.09,7.65,3.37,0.52
201512,-1.88,-5.19,-4.21,-18.1,-7.14,-3.54,-4.12,-0.03,-3.87,-5.74,-3.11,-5.6
201601,-2.04,-11.6,-8.45,-13.16,-10.8,-8.6,-6.35,4.22,-7.25,-18.49,-6.98,-9.03
201602,1.75,4.9,3.59,-10.73,3.16,0.74,1.98,0.89,3.8,-3.04,-0.65,1.98
201603,4.58,7.26,10.13,23.99,11.76,6.89,4.48,8.46,7.93,7.57,5.51,10.33
201604,1.94,1.02,4.85,19.99,7.38,1.11,2.73,2.91,0.09,5.14,3.98,2.55
201605,-0.8,-0.82,-0.84,-7.25,-1.31,3.78,0.04,2.45,-3.29,1.32,1.87,-0.39
201606,3.85,-2.73,0.24,1.01,0.55,1.51,1.78,7.27,0.63,-4.43,-2.43,1.05
201607,8.59,8.83,7.59,-1.2,6.98,7.32,2.07,-0.77,4.72,6.15,4.48,6.33
201608,1.47,6.5,1.38,7.53,6.21,3.02,-0.34,-3.74,0.47,0.88,4.51,0.02
201609,-2.13,5.84,0.82,5.45,-0.1,2,0.67,1.51,-1.79,7.91,0.65,1.28
201610,-4.21,-4.14,-4.92,-8.34,-1.81,-5.03,-4.6,-0.03,-4.15,-13.66,-0.84,-4.56
201611,3.67,10.57,12.35,19.01,8.63,5.13,5.23,1.45,9.44,5.28,12.71,12.97
201612,1.09,2.34,1.32,2.49,-1.19,0.19,4.3,4.13,2.07,-2.62,6.79,3.15
201701,-0.49,-2.98,3.4,0.58,1.24,3.41,3.34,0.39,-3.11,4.84,-0.41,3.11
201702,1.72,-0.22,0.4,-6.5,2.15,2.24,0.01,3.12,-0.96,6.36,2.6,0.01
201703,1.33,1.02,0.2,-4.84,2.57,1.95,-0.01,1.61,0.42,2.15,-1.21,0.4
201704,0.12,3.63,1.01,-7.36,0.77,1.69,6.42,0.87,1.79,-3.1,0.53,0.42
201705,-0.77,0.43,-1.07,-7.83,-3.99,2.11,-3.87,1.83,-3.83,-4.92,-2.48,-2.73
201706,1.66,3.75,1.76,-0.97,1.07,1.23,0.35,-0.94,0.03,10.29,5.06,3.93
201707,-0.79,-1.02,0.31,1.56,-0.67,1.36,3.36,3.24,-2.51,-2.72,0.53,-0.25
201708,-1.77,-3.95,-2.33,-8.6,-5.23,-0.96,0.54,1.3,-4.2,1.31,-2.35,-1.23
201709,3.13,10.03,8.76,14.55,7.54,6.52,0,-0.65,6.94,8.33,6.96,6.55
201710,-1.19,0.91,1.34,-3.59,2.93,2.35,-3.14,3.25,-3.07,-2.31,1.08,0.26
201711,5.41,3.49,4.06,3.67,1.17,1.94,1.22,2.7,7.72,2.5,3.28,3.27
201712,4.13,-1.71,2.38,7.65,-0.32,0.65,4.29,-4.99,3.57,1,-0.73,0.92
201801,2.42,-0.07,1.27,1.17,-0.73,4.43,1.69,-3.7,1.82,6.89,2.47,2.74
201802,-4.13,-6,-5.63,-10.85,-4.34,-1.37,-3.42,-5.15,-4.61,-3.55,-2.56,-6.16
201803,-0.3,-2.22,0.84,0.99,2.44,0.53,-2.07,5.13,1.53,0.23,1.7,0.51
201804,1,-2.55,-0.76,10.35,-1.16,-0.03,-0.81,3.47,1.8,-0.21,0.92,1.18
201805,2.38,6.25,5.58,7.24,2.98,6.45,-2.46,1.77,3.88,7.52,3.06,4.25
201806,6.8,0.99,0.24,5.98,0.08,0.59,7.4,1.95,3.86,-2.47,-0.19,1.41
201807,-0.94,1.47,3.31,-1.94,1.82,-0.31,-0.3,1.36,0.26,-1.55,1.22,0.91
201808,2.47,3.19,0.51,-4.57,-0.83,7.32,7,0.9,5.49,5.84,2.11,1.64
201809,0.16,-3.85,-0.57,1.04,-2.23,-2.57,2.15,-0.08,-2.57,-1.19,-2.31,-2.41
201810,-4.58,-14.04,-12.48,-15.9,-11.05,-11.07,-5.05,-1.55,-8.27,-14.41,-7.28,-9.13
201811,0.19,-1.49,0.3,-12.66,0.96,0.6,-0.75,4.34,-2.01,-0.38,1.58,-0.94
201812,-12.39,-13.02,-13.29,-22.23,-11.27,-9.79,-13.74,-4.67,-13.15,-18.38,-10.65,-12.13
201901,10.63,16.83,14.12,18.51,16.67,15.68,12.51,4.97,11.6,17.84,9.08,19.86
201902,3.37,7.21,5.51,0.8,5.38,7,2.38,3.26,3.89,6.56,5.42,3.1
201903,-0.68,-6.99,-3.74,1.02,-4.34,-0.57,-4.11,3.24,-3.57,3,-4.27,-1.31
201904,2.23,4.97,3.55,-0.64,5.14,4.93,3.94,1.07,1.98,-2.69,4.75,3.45
201905,-9.18,-10.56,-9.57,-20.79,-10.09,-8.11,-6.24,-1.48,-11.23,-8.37,-5.18,-7.45
201906,5.19,10.52,8.7,3.9,7.02,5.22,2.31,4.46,5.69,4.41,5.58,5.77
201907,1.59,1.1,-1.64,-9.36,2.17,0.98,-0.15,-1.02,-1.12,-4.95,1.15,-0.06
201908,-2.91,-6.98,-7.93,-16.49,-6.26,-5.35,-7.8,0.77,-3.53,-5.01,-4.69,-3.98
201909,2.76,6.39,5.87,5.02,7.57,0.36,-0.64,3.76,6.56,-2.97,4.18,1.67
201910,-1.37,0.39,0.53,-9.69,-1.85,1.3,1.57,-1.57,0.41,-0.25,1.96,0
201911,2.25,2.39,1.6,-3.32,0.82,4.76,2.25,-2.28,4.31,8.16,3.79,2.1
201912,2.76,1.9,3.45,20.38,2.64,3.17,3.67,4.42,2.3,9.66,2.5,4.45
202001,-3.2,-3.39,-2.93,-19.72,-6.35,1.49,-0.82,1.2,-4.94,4.26,-3.49,-1.77
202002,-9.93,-11.27,-8.19,-18.56,-11.72,-7.5,-4.63,-10.17,-8.58,-0.81,-8.47,-9.19
202003,-18.36,-27.38,-24.58,-47.46,-21.77,-18.04,-23.54,-10.36,-25.7,-17.28,-23.54,-27.61
202004,13.8,26.07,16.51,67.77,17.4,21.44,10.42,8.28,23.96,21.68,9.36,17.14
